search_name,full_name,region_id
서울특별시 강동구 천호동,서울특별시 강동구 천호동,6044
서울특별시 송파구 마천동,서울특별시 송파구 마천동,6183
서울특별시 송파구 잠실동,서울특별시 송파구 잠실동,6188
서울특별시 강남구 압구정동,서울특별시 강남구 압구정동,385
서울특별시 서초구 신원동,서울특별시 서초구 신원동,6129
서울특별시 서초구 반포동,서울특별시 서초구 반포동,6126
서울특별시 관악구 난곡동,서울특별시 관악구 난곡동,361
서울특별시 영등포구 양평동,서울특별시 영등포구 양평동,6211
서울특별시 구로구 항동,서울특별시 구로구 항동,6069
서울특별시 강서구 오쇠동,서울특별시 강서구 오쇠동,6055
서울특별시 강서구 가양동,서울특별시 강서구 가양동,6047
서울특별시 마포구 신공덕동,서울특별시 마포구 신공덕동,6103
서울특별시 서대문구 홍은동,서울특별시 서대문구 홍은동,6124
서울특별시 노원구 중계동,서울특별시 노원구 중계동,6075
서울특별시 강북구 수유동,서울특별시 강북구 수유동,6046
서울특별시 성북구 보문동3가,서울특별시 성북구 보문동3가,6161
서울특별시 중랑구 신내동,서울특별시 중랑구 신내동,6410
서울특별시 광진구 중곡동,서울특별시 광진구 중곡동,6061
경기도 양평군 개군면,경기도 양평군 개군면,1872
경기도 양평군 용문면,경기도 양평군 용문면,1871
경기도 양평군 신점리,경기도 양평군 신점리,1871
경기도 양평군 옥현리,경기도 양평군 옥현리,1870
경기도 양평군 일신리,경기도 양평군 일신리,1870
경기도 양평군 월산리,경기도 양평군 월산리,1870
경기도 양평군 단석리,경기도 양평군 단석리,1869
경기도 양평군 계정리,경기도 양평군 계정리,1869
경기도 양평군 청운면,경기도 양평군 청운면,1868
경기도 양평군 신론리,경기도 양평군 신론리,1868
경기도 양평군 산음리,경기도 양평군 산음리,1867
경기도 양평군 향소리,경기도 양평군 향소리,1867
경기도 양평군 서종면,경기도 양평군 서종면,1866
경기도 양평군 수입리,경기도 양평군 수입리,1866
경기도 양평군 명달리,경기도 양평군 명달리,1866
경기도 양평군 서후리,경기도 양평군 서후리,1866
경기도 양평군 옥천면,경기도 양평군 옥천면,1865
경기도 양평군 용천리,경기도 양평군 용천리,1865
경기도 양평군 양서면,경기도 양평군 양서면,1864
경기도 양평군 국수리,경기도 양평군 국수리,1864
경기도 양평군 성덕리,경기도 양평군 성덕리,1863
경기도 양평군 강상면,경기도 양평군 강상면,1862
경기도 양평군 대석리,경기도 양평군 대석리,1862
경기도 양평군 대흥리,경기도 양평군 대흥리,1861
경기도 가평군 북면,경기도 가평군 북면,1859
경기도 가평군 백둔리,경기도 가평군 백둔리,1859
경기도 가평군 적목리,경기도 가평군 적목리,1859
경기도 가평군 화악리,경기도 가평군 화악리,1859
경기도 가평군 조종면,경기도 가평군 조종면,3992
경기도 가평군 운악리,경기도 가평군 운악리,3992
경기도 가평군 봉수리,경기도 가평군 봉수리,1857
경기도 가평군 상동리,경기도 가평군 상동리,1857
경기도 가평군 덕현리,경기도 가평군 덕현리,1857
경기도 가평군 대성리,경기도 가평군 대성리,1856
경기도 가평군 상천리,경기도 가평군 상천리,1856
경기도 가평군 설악면,경기도 가평군 설악면,1855
경기도 가평군 묵안리,경기도 가평군 묵안리,1855
경기도 가평군 경반리,경기도 가평군 경반리,1854
경기도 연천군 장남면,경기도 연천군 장남면,1852
경기도 연천군 반정리,경기도 연천군 반정리,1852
경기도 연천군 중면,경기도 연천군 중면,1851
경기도 연천군 신서면,경기도 연천군 신서면,1850
경기도 연천군 왕징면,경기도 연천군 왕징면,1849
경기도 연천군 고잔하리,경기도 연천군 고잔하리,1849
경기도 연천군 삼화리,경기도 연천군 삼화리,1848
경기도 연천군 백학면,경기도 연천군 백학면,1847
경기도 연천군 청산면,경기도 연천군 청산면,1846
경기도 연천군 백의리,경기도 연천군 백의리,1846
경기도 연천군 전곡읍,경기도 연천군 전곡읍,1844
경기도 연천군 늘목리,경기도 연천군 늘목리,1844
경기도 연천군 연천읍,경기도 연천군 연천읍,1843
경기도 여주시 오금동,경기도 여주시 오금동,4673
경기도 여주시 매룡동,경기도 여주시 매룡동,4665
경기도 여주시 삼교동,경기도 여주시 삼교동,4667
경기도 여주시 송현리,경기도 여주시 송현리,1838
경기도 여주시 강천면,경기도 여주시 강천면,1837
경기도 여주시 운촌리,경기도 여주시 운촌리,1836
경기도 여주시 상교리,경기도 여주시 상교리,1836
경기도 여주시 대신면,경기도 여주시 대신면,1835
경기도 여주시 능서면,경기도 여주시 능서면,1834
경기도 여주시 양거리,경기도 여주시 양거리,1834
경기도 여주시 하다리,경기도 여주시 하다리,1832
경기도 여주시 현수리,경기도 여주시 현수리,1831
경기도 여주시 관한리,경기도 여주시 관한리,1831
경기도 여주시 가남읍,경기도 여주시 가남읍,1830
경기도 여주시 금당리,경기도 여주시 금당리,1830
경기도 포천시 동교동,경기도 포천시 동교동,4803
경기도 포천시 어룡동,경기도 포천시 어룡동,4806
경기도 포천시 지현리,경기도 포천시 지현리,1826
경기도 포천시 중리,경기도 포천시 중리,1825
경기도 포천시 영북면,경기도 포천시 영북면,1824
경기도 포천시 이동면,경기도 포천시 이동면,1823
경기도 포천시 도평리,경기도 포천시 도평리,1823
경기도 포천시 일동면,경기도 포천시 일동면,1822
경기도 포천시 영중면,경기도 포천시 영중면,1821
경기도 포천시 창수면,경기도 포천시 창수면,1820
경기도 포천시 운산리,경기도 포천시 운산리,1820
경기도 포천시 금동리,경기도 포천시 금동리,1819
경기도 포천시 마전리,경기도 포천시 마전리,1818
경기도 포천시 정교리,경기도 포천시 정교리,1818
경기도 포천시 내촌면,경기도 포천시 내촌면,1817
경기도 포천시 직동리,경기도 포천시 직동리,1815
경기도 포천시 이동교리,경기도 포천시 이동교리,1815
경기도 양주시 회정동,경기도 양주시 회정동,4660
경기도 양주시 마전동,경기도 양주시 마전동,4650
경기도 양주시 장흥면,경기도 양주시 장흥면,1807
경기도 양주시 광적면,경기도 양주시 광적면,1806
경기도 양주시 효촌리,경기도 양주시 효촌리,1806
경기도 양주시 비암리,경기도 양주시 비암리,1806
경기도 양주시 한산리,경기도 양주시 한산리,1805
경기도 양주시 기산리,경기도 양주시 기산리,1803
경기도 광주시 목동,경기도 광주시 목동,4443
경기도 광주시 역동,경기도 광주시 역동,4447
경기도 광주시 남한산성면,경기도 광주시 남한산성면,3993
경기도 광주시 남종면,경기도 광주시 남종면,1797
경기도 광주시 원당리,경기도 광주시 원당리,1796
경기도 광주시 도척면,경기도 광주시 도척면,1795
경기도 광주시 곤지암읍,경기도 광주시 곤지암읍,1794
경기도 광주시 장심리,경기도 광주시 장심리,1794
경기도 광주시 용수리,경기도 광주시 용수리,1793
경기도 광주시 능평리,경기도 광주시 능평리,1792
경기도 화성시 금곡동,경기도 화성시 금곡동,4827
경기도 화성시 신동,경기도 화성시 신동,4841
경기도 화성시 안녕동,경기도 화성시 안녕동,4842
경기도 화성시 반월동,경기도 화성시 반월동,1783
경기도 화성시 새솔동,경기도 화성시 새솔동,4214
경기도 화성시 정남면,경기도 화성시 정남면,1778
경기도 화성시 덕절리,경기도 화성시 덕절리,1778
경기도 화성시 양감면,경기도 화성시 양감면,1777
경기도 화성시 장안면,경기도 화성시 장안면,1776
경기도 화성시 석포리,경기도 화성시 석포리,1776
경기도 화성시 팔탄면,경기도 화성시 팔탄면,1775
경기도 화성시 매곡리,경기도 화성시 매곡리,1775
경기도 화성시 서신면,경기도 화성시 서신면,1774
경기도 화성시 제부리,경기도 화성시 제부리,1774
경기도 화성시 송산면,경기도 화성시 송산면,1773
경기도 화성시 지화리,경기도 화성시 지화리,1773
경기도 화성시 쌍송리,경기도 화성시 쌍송리,1772
경기도 화성시 비봉면,경기도 화성시 비봉면,1771
경기도 화성시 원리,경기도 화성시 원리,1770
경기도 화성시 천천리,경기도 화성시 천천리,1770
경기도 화성시 시리,경기도 화성시 시리,1769
경기도 화성시 무송리,경기도 화성시 무송리,1769
경기도 화성시 국화리,경기도 화성시 국화리,1767
경기도 화성시 매향리,경기도 화성시 매향리,1767
경기도 화성시 원안리,경기도 화성시 원안리,1767
경기도 김포시 마산동,경기도 김포시 마산동,4468
경기도 김포시 걸포동,경기도 김포시 걸포동,4467
경기도 김포시 하성면,경기도 김포시 하성면,1757
경기도 김포시 시암리,경기도 김포시 시암리,1757
경기도 김포시 월곶면,경기도 김포시 월곶면,1756
경기도 김포시 용강리,경기도 김포시 용강리,1756
경기도 김포시 대곶면,경기도 김포시 대곶면,1755
경기도 김포시 고촌읍,경기도 김포시 고촌읍,1753
경기도 안성시 중리동,경기도 안성시 중리동,4634
경기도 안성시 신모산동,경기도 안성시 신모산동,4625
경기도 안성시 고삼면,경기도 안성시 고삼면,1747
경기도 안성시 삼죽면,경기도 안성시 삼죽면,1746
경기도 안성시 마전리,경기도 안성시 마전리,1746
경기도 안성시 두교리,경기도 안성시 두교리,1745
경기도 안성시 용설리,경기도 안성시 용설리,1745
경기도 안성시 신흥리,경기도 안성시 신흥리,1744
경기도 안성시 원곡면,경기도 안성시 원곡면,1743
경기도 안성시 성주리,경기도 안성시 성주리,1743
경기도 안성시 방신리,경기도 안성시 방신리,1742
경기도 안성시 미산리,경기도 안성시 미산리,1742
경기도 안성시 미양면,경기도 안성시 미양면,1740
경기도 안성시 북산리,경기도 안성시 북산리,1739
경기도 안성시 옥정리,경기도 안성시 옥정리,1738
경기도 안성시 북가현리,경기도 안성시 북가현리,1737
경기도 안성시 진사리,경기도 안성시 진사리,1736
경기도 이천시 장록동,경기도 이천시 장록동,4756
경기도 이천시 대포동,경기도 이천시 대포동,4751
경기도 이천시 사음동,경기도 이천시 사음동,4752
경기도 이천시 율면,경기도 이천시 율면,1730
경기도 이천시 상봉리,경기도 이천시 상봉리,1729
경기도 이천시 두미리,경기도 이천시 두미리,1728
경기도 이천시 마장면,경기도 이천시 마장면,1726
경기도 이천시 매곡리,경기도 이천시 매곡리,1725
경기도 이천시 조읍리,경기도 이천시 조읍리,1724
경기도 이천시 장호원읍,경기도 이천시 장호원읍,1721
경기도 이천시 와현리,경기도 이천시 와현리,1721
경기도 파주시 금릉동,경기도 파주시 금릉동,4760
경기도 파주시 연다산동,경기도 파주시 연다산동,4776
경기도 파주시 산남동,경기도 파주시 산남동,4768
경기도 파주시 진서면,경기도 파주시 진서면,1712
경기도 파주시 동파리,경기도 파주시 동파리,1711
경기도 파주시 장단면,경기도 파주시 장단면,1710
경기도 파주시 무건리,경기도 파주시 무건리,1707
경기도 파주시 눌노리,경기도 파주시 눌노리,1706
경기도 파주시 광탄면,경기도 파주시 광탄면,1705
경기도 파주시 탄현면,경기도 파주시 탄현면,1704
경기도 파주시 월롱면,경기도 파주시 월롱면,1703
경기도 파주시 법원읍,경기도 파주시 법원읍,1701
경기도 파주시 향양리,경기도 파주시 향양리,1700
경기도 파주시 내포리,경기도 파주시 내포리,1699
경기도 용인시 수지구,경기도 용인시 수지구,1697
경기도 용인시 고기동,경기도 용인시 고기동,4717
경기도 용인시 중동,경기도 용인시 중동,4713
경기도 용인시 영덕동,경기도 용인시 영덕동,1678
경기도 용인시 처인구,경기도 용인시 처인구,4726
경기도 용인시 해곡동,경기도 용인시 해곡동,4729
경기도 용인시 백암면,경기도 용인시 백암면,1670
경기도 용인시 백암면,경기도 용인시 백암면,1670
경기도 용인시 모현읍,경기도 용인시 모현읍,1666
경기도 용인시 포곡읍,경기도 용인시 포곡읍,1665
경기도 하남시 하사창동,경기도 하남시 하사창동,4823
경기도 하남시 선동,경기도 하남시 선동,4819
경기도 의왕시 초평동,경기도 의왕시 초평동,4736
경기도 의왕시 포일동,경기도 의왕시 포일동,4244
경기도 의왕시 고천동,경기도 의왕시 고천동,1644
경기도 군포시 속달동,경기도 군포시 속달동,4465
경기도 시흥시 무지내동,경기도 시흥시 무지내동,4571
경기도 시흥시 죽율동,경기도 시흥시 죽율동,4580
경기도 시흥시 화정동,경기도 시흥시 화정동,4584
경기도 시흥시 포동,경기도 시흥시 포동,4581
경기도 남양주시 금곡동,경기도 남양주시 금곡동,1600
경기도 남양주시 퇴계원면,경기도 남양주시 퇴계원면,1597
경기도 남양주시 시우리,경기도 남양주시 시우리,1596
경기도 남양주시 외방리,경기도 남양주시 외방리,1595
경기도 남양주시 별내면,경기도 남양주시 별내면,1594
경기도 남양주시 오남읍,경기도 남양주시 오남읍,1593
경기도 남양주시 화도읍,경기도 남양주시 화도읍,1590
경기도 남양주시 팔당리,경기도 남양주시 팔당리,1588
경기도 과천시 관문동,경기도 과천시 관문동,4431
경기도 고양시 덕이동,경기도 고양시 덕이동,4427
경기도 고양시 문봉동,경기도 고양시 문봉동,4417
경기도 고양시 산황동,경기도 고양시 산황동,4419
경기도 고양시 대자동,경기도 고양시 대자동,4393
경기도 고양시 용두동,경기도 고양시 용두동,4405
경기도 고양시 지축동,경기도 고양시 지축동,4408
경기도 안산시 풍도동,경기도 안산시 풍도동,4593
경기도 안산시 대부남동,경기도 안산시 대부남동,4585
경기도 안산시 대부북동,경기도 안산시 대부북동,4587
경기도 동두천시 동두천동,경기도 동두천시 동두천동,4479
경기도 평택시 신대동,경기도 평택시 신대동,4788
경기도 평택시 신장동,경기도 평택시 신장동,4789
경기도 평택시 현덕면,경기도 평택시 현덕면,1475
경기도 평택시 권관리,경기도 평택시 권관리,1475
경기도 평택시 신왕리,경기도 평택시 신왕리,1475
경기도 평택시 오성면,경기도 평택시 오성면,1473
경기도 평택시 고덕면,경기도 평택시 고덕면,1472
경기도 평택시 옥길리,경기도 평택시 옥길리,1474
경기도 평택시 만호리,경기도 평택시 만호리,1469
경기도 평택시 원정리,경기도 평택시 원정리,1469
경기도 평택시 송화리,경기도 평택시 송화리,1467
경기도 부천시 송내동,경기도 부천시 송내동,4491
경기도 안양시 박달동,경기도 안양시 박달동,4641
경기도 의정부시 민락동,경기도 의정부시 민락동,4741
경기도 의정부시 호원동,경기도 의정부시 호원동,4747
경기도 성남시 야탑동,경기도 성남시 야탑동,4505
경기도 성남시 은행동,경기도 성남시 은행동,4523
경기도 수원시 화서동,경기도 수원시 화서동,4564
경상남도 합천군 용주면,경상남도 합천군 용주면,3810
경상남도 합천군 죽죽리,경상남도 합천군 죽죽리,3810
경상남도 합천군 공암리,경상남도 합천군 공암리,3810
경상남도 합천군 대지리,경상남도 합천군 대지리,3809
경상남도 합천군 양리,경상남도 합천군 양리,3809
경상남도 합천군 가회면,경상남도 합천군 가회면,3808
경상남도 합천군 삼가면,경상남도 합천군 삼가면,3807
경상남도 합천군 장전리,경상남도 합천군 장전리,3810
경상남도 합천군 안계리,경상남도 합천군 안계리,3806
경상남도 합천군 오산리,경상남도 합천군 오산리,3805
경상남도 합천군 아천리,경상남도 합천군 아천리,3805
경상남도 합천군 적중면,경상남도 합천군 적중면,3804
경상남도 합천군 가현리,경상남도 합천군 가현리,3803
경상남도 합천군 운봉리,경상남도 합천군 운봉리,3803
경상남도 합천군 앙진리,경상남도 합천군 앙진리,3803
경상남도 합천군 덕곡면,경상남도 합천군 덕곡면,3802
경상남도 합천군 하신리,경상남도 합천군 하신리,3806
경상남도 합천군 율곡면,경상남도 합천군 율곡면,3799
경상남도 합천군 노양리,경상남도 합천군 노양리,3799
경상남도 합천군 야로면,경상남도 합천군 야로면,3798
경상남도 합천군 하림리,경상남도 합천군 하림리,3798
경상남도 합천군 치인리,경상남도 합천군 치인리,3797
경상남도 합천군 매안리,경상남도 합천군 매안리,3797
경상남도 합천군 묘산면,경상남도 합천군 묘산면,3796
경상남도 합천군 봉산면,경상남도 합천군 봉산면,3795
경상남도 합천군 노곡리,경상남도 합천군 노곡리,3795
경상남도 합천군 인곡리,경상남도 합천군 인곡리,3794
경상남도 거창군 가북면,경상남도 거창군 가북면,3792
경상남도 거창군 몽석리,경상남도 거창군 몽석리,3792
경상남도 거창군 가조면,경상남도 거창군 가조면,3791
경상남도 거창군 신원면,경상남도 거창군 신원면,3790
경상남도 거창군 남하면,경상남도 거창군 남하면,3789
경상남도 거창군 진목리,경상남도 거창군 진목리,3788
경상남도 거창군 무촌리,경상남도 거창군 무촌리,3788
경상남도 거창군 마리면,경상남도 거창군 마리면,3787
경상남도 거창군 위천면,경상남도 거창군 위천면,3786
경상남도 거창군 창선리,경상남도 거창군 창선리,3785
경상남도 거창군 소정리,경상남도 거창군 소정리,3785
경상남도 거창군 고제면,경상남도 거창군 고제면,3784
경상남도 거창군 봉계리,경상남도 거창군 봉계리,3784
경상남도 거창군 산포리,경상남도 거창군 산포리,3783
경상남도 거창군 주상면,경상남도 거창군 주상면,3782
경상남도 함양군 병곡면,경상남도 함양군 병곡면,3779
경상남도 함양군 광평리,경상남도 함양군 광평리,3779
경상남도 함양군 백전면,경상남도 함양군 백전면,3778
경상남도 함양군 서상면,경상남도 함양군 서상면,3777
경상남도 함양군 상남리,경상남도 함양군 상남리,3777
경상남도 함양군 옥산리,경상남도 함양군 옥산리,3777
경상남도 함양군 봉전리,경상남도 함양군 봉전리,3776
경상남도 함양군 안의면,경상남도 함양군 안의면,3775
경상남도 함양군 상원리,경상남도 함양군 상원리,3775
경상남도 함양군 지곡면,경상남도 함양군 지곡면,3774
경상남도 함양군 수동면,경상남도 함양군 수동면,3773
경상남도 함양군 죽산리,경상남도 함양군 죽산리,3773
경상남도 함양군 유림면,경상남도 함양군 유림면,3772
경상남도 함양군 문정리,경상남도 함양군 문정리,3771
경상남도 함양군 목현리,경상남도 함양군 목현리,3771
경상남도 함양군 마천면,경상남도 함양군 마천면,3770
경상남도 함양군 추성리,경상남도 함양군 추성리,3770
경상남도 함양군 삼정리,경상남도 함양군 삼정리,3770
경상남도 함양군 죽림리,경상남도 함양군 죽림리,3769
경상남도 산청군 신등면,경상남도 산청군 신등면,3767
경상남도 산청군 율현리,경상남도 산청군 율현리,3767
경상남도 산청군 생비량면,경상남도 산청군 생비량면,3766
경상남도 산청군 신안면,경상남도 산청군 신안면,3765
경상남도 산청군 외송리,경상남도 산청군 외송리,3765
경상남도 산청군 자양리,경상남도 산청군 자양리,3764
경상남도 산청군 관정리,경상남도 산청군 관정리,3764
경상남도 산청군 운리,경상남도 산청군 운리,3764
경상남도 산청군 신천리,경상남도 산청군 신천리,3763
경상남도 산청군 내대리,경상남도 산청군 내대리,3763
경상남도 산청군 삼장면,경상남도 산청군 삼장면,3762
경상남도 산청군 유평리,경상남도 산청군 유평리,3762
경상남도 산청군 홍계리,경상남도 산청군 홍계리,3762
경상남도 산청군 금서면,경상남도 산청군 금서면,3761
경상남도 산청군 방곡리,경상남도 산청군 방곡리,3761
경상남도 산청군 대포리,경상남도 산청군 대포리,3762
경상남도 산청군 대현리,경상남도 산청군 대현리,3759
경상남도 산청군 상법리,경상남도 산청군 상법리,3758
경상남도 산청군 송경리,경상남도 산청군 송경리,3757
경상남도 하동군 금성면,경상남도 하동군 금성면,3755
경상남도 하동군 옥종면,경상남도 하동군 옥종면,3754
경상남도 하동군 궁항리,경상남도 하동군 궁항리,3754
경상남도 하동군 청암면,경상남도 하동군 청암면,3753
경상남도 하동군 묵계리,경상남도 하동군 묵계리,3753
경상남도 하동군 북천면,경상남도 하동군 북천면,3752
경상남도 하동군 양보면,경상남도 하동군 양보면,3751
경상남도 하동군 진교면,경상남도 하동군 진교면,3750
경상남도 하동군 금남면,경상남도 하동군 금남면,3749
경상남도 하동군 덕천리,경상남도 하동군 덕천리,3749
경상남도 하동군 횡천면,경상남도 하동군 횡천면,3747
경상남도 하동군 고절리,경상남도 하동군 고절리,3746
경상남도 하동군 우계리,경상남도 하동군 우계리,3746
경상남도 하동군 악양면,경상남도 하동군 악양면,3745
경상남도 하동군 화개면,경상남도 하동군 화개면,3744
경상남도 하동군 대성리,경상남도 하동군 대성리,3744
경상남도 하동군 용강리,경상남도 하동군 용강리,3744
경상남도 남해군 창선면,경상남도 남해군 창선면,3741
경상남도 남해군 대벽리,경상남도 남해군 대벽리,3741
경상남도 남해군 설천면,경상남도 남해군 설천면,3740
경상남도 남해군 갈화리,경상남도 남해군 갈화리,3739
경상남도 남해군 도마리,경상남도 남해군 도마리,3739
경상남도 남해군 서면,경상남도 남해군 서면,3738
경상남도 남해군 남면,경상남도 남해군 남면,3737
경상남도 남해군 미조면,경상남도 남해군 미조면,3736
경상남도 남해군 송정리,경상남도 남해군 송정리,3736
경상남도 남해군 봉화리,경상남도 남해군 봉화리,3735
경상남도 남해군 상주면,경상남도 남해군 상주면,3734
경상남도 남해군 이동면,경상남도 남해군 이동면,3733
경상남도 남해군 평리,경상남도 남해군 평리,3732
경상남도 고성군 거류면,경상남도 고성군 거류면,3730
경상남도 고성군 동해면,경상남도 고성군 동해면,3729
경상남도 고성군 용정리,경상남도 고성군 용정리,3729
경상남도 고성군 마암면,경상남도 고성군 마암면,3728
경상남도 고성군 삼덕리,경상남도 고성군 삼덕리,3727
경상남도 고성군 저연리,경상남도 고성군 저연리,3726
경상남도 고성군 개천면,경상남도 고성군 개천면,3725
경상남도 고성군 오서리,경상남도 고성군 오서리,3724
경상남도 고성군 영부리,경상남도 고성군 영부리,3723
경상남도 고성군 대가면,경상남도 고성군 대가면,3722
경상남도 고성군 부포리,경상남도 고성군 부포리,3721
경상남도 고성군 동산리,경상남도 고성군 동산리,3721
경상남도 고성군 하이면,경상남도 고성군 하이면,3720
경상남도 고성군 동화리,경상남도 고성군 동화리,3719
경상남도 고성군 삼산면,경상남도 고성군 삼산면,3718
경상남도 고성군 신월리,경상남도 고성군 신월리,3717
경상남도 창녕군 부곡면,경상남도 창녕군 부곡면,3715
경상남도 창녕군 구산리,경상남도 창녕군 구산리,3715
경상남도 창녕군 길곡면,경상남도 창녕군 길곡면,3714
경상남도 창녕군 도천면,경상남도 창녕군 도천면,3713
경상남도 창녕군 대봉리,경상남도 창녕군 대봉리,3712
경상남도 창녕군 초곡리,경상남도 창녕군 초곡리,3707
경상남도 창녕군 구계리,경상남도 창녕군 구계리,3711
경상남도 창녕군 대지면,경상남도 창녕군 대지면,3709
경상남도 창녕군 진창리,경상남도 창녕군 진창리,3708
경상남도 창녕군 초곡리,경상남도 창녕군 초곡리,3707
경상남도 창녕군 대합면,경상남도 창녕군 대합면,3706
경상남도 창녕군 가복리,경상남도 창녕군 가복리,3705
경상남도 창녕군 연당리,경상남도 창녕군 연당리,3705
경상남도 창녕군 남지읍,경상남도 창녕군 남지읍,3703
경상남도 창녕군 월하리,경상남도 창녕군 월하리,3703
경상남도 함안군 여항면,경상남도 함안군 여항면,3700
경상남도 함안군 산인면,경상남도 함안군 산인면,3699
경상남도 함안군 칠북면,경상남도 함안군 칠북면,3698
경상남도 함안군 대산면,경상남도 함안군 대산면,3696
경상남도 함안군 법수면,경상남도 함안군 법수면,3695
경상남도 함안군 사정리,경상남도 함안군 사정리,3695
경상남도 함안군 군북면,경상남도 함안군 군북면,3694
경상남도 함안군 박곡리,경상남도 함안군 박곡리,3694
경상남도 함안군 오곡리,경상남도 함안군 오곡리,3692
경상남도 함안군 무기리,경상남도 함안군 무기리,3692
경상남도 함안군 오곡리,경상남도 함안군 오곡리,3692
경상남도 의령군 유곡면,경상남도 의령군 유곡면,3689
경상남도 의령군 상곡리,경상남도 의령군 상곡리,3689
경상남도 의령군 궁류면,경상남도 의령군 궁류면,3688
경상남도 의령군 감암리,경상남도 의령군 감암리,3686
경상남도 의령군 지정면,경상남도 의령군 지정면,3684
경상남도 의령군 화정면,경상남도 의령군 화정면,3681
경상남도 의령군 천곡리,경상남도 의령군 천곡리,3680
경상남도 의령군 신전리,경상남도 의령군 신전리,3680
경상남도 의령군 도산리,경상남도 의령군 도산리,3679
경상남도 의령군 가례면,경상남도 의령군 가례면,3678
경상남도 양산시 매곡동,경상남도 양산시 매곡동,4919
경상남도 양산시 주남동,경상남도 양산시 주남동,4930
경상남도 양산시 어곡동,경상남도 양산시 어곡동,4927
경상남도 양산시 호계동,경상남도 양산시 호계동,4933
경상남도 양산시 중부동,경상남도 양산시 중부동,4932
경상남도 양산시 하북면,경상남도 양산시 하북면,3666
경상남도 양산시 상북면,경상남도 양산시 상북면,3665
경상남도 양산시 내석리,경상남도 양산시 내석리,3665
경상남도 양산시 원동면,경상남도 양산시 원동면,3664
경상남도 양산시 선리,경상남도 양산시 선리,3664
경상남도 양산시 영포리,경상남도 양산시 영포리,3664
경상남도 양산시 가산리,경상남도 양산시 가산리,3663
경상남도 양산시 여락리,경상남도 양산시 여락리,3663
경상남도 거제시 수월동,경상남도 거제시 수월동,4854
경상남도 거제시 삼거동,경상남도 거제시 삼거동,4852
경상남도 거제시 아양동,경상남도 거제시 아양동,4855
경상남도 거제시 장목면,경상남도 거제시 장목면,3649
경상남도 거제시 외포리,경상남도 거제시 외포리,3649
경상남도 거제시 유호리,경상남도 거제시 유호리,3649
경상남도 거제시 대곡리,경상남도 거제시 대곡리,3647
경상남도 거제시 유계리,경상남도 거제시 유계리,3647
경상남도 거제시 사등면,경상남도 거제시 사등면,3644
경상남도 거제시 덕호리,경상남도 거제시 덕호리,3644
경상남도 거제시 사곡리,경상남도 거제시 사곡리,3644
경상남도 거제시 둔덕면,경상남도 거제시 둔덕면,3643
경상남도 거제시 거제면,경상남도 거제시 거제면,3642
경상남도 거제시 남부면,경상남도 거제시 남부면,3641
경상남도 거제시 율포리,경상남도 거제시 율포리,3640
경상남도 거제시 옥림리,경상남도 거제시 옥림리,3639
경상남도 거제시 구조라리,경상남도 거제시 구조라리,3639
경상남도 밀양시 활성동,경상남도 밀양시 활성동,4891
경상남도 밀양시 교동,경상남도 밀양시 교동,3637
경상남도 밀양시 청도면,경상남도 밀양시 청도면,3632
경상남도 밀양시 무안면,경상남도 밀양시 무안면,3631
경상남도 밀양시 고라리,경상남도 밀양시 고라리,3631
경상남도 밀양시 운정리,경상남도 밀양시 운정리,3631
경상남도 밀양시 덕산리,경상남도 밀양시 덕산리,3630
경상남도 밀양시 상남면,경상남도 밀양시 상남면,3629
경상남도 밀양시 외산리,경상남도 밀양시 외산리,3629
경상남도 밀양시 단장면,경상남도 밀양시 단장면,3628
경상남도 밀양시 구천리,경상남도 밀양시 구천리,3628
경상남도 밀양시 고례리,경상남도 밀양시 고례리,3628
경상남도 밀양시 감물리,경상남도 밀양시 감물리,3628
경상남도 밀양시 산내면,경상남도 밀양시 산내면,3627
경상남도 밀양시 삼양리,경상남도 밀양시 삼양리,3627
경상남도 밀양시 엄광리,경상남도 밀양시 엄광리,3626
경상남도 밀양시 매화리,경상남도 밀양시 매화리,3625
경상남도 밀양시 옥산리,경상남도 밀양시 옥산리,3625
경상남도 밀양시 하남읍,경상남도 밀양시 하남읍,3623
경상남도 밀양시 검세리,경상남도 밀양시 검세리,3621
경상남도 김해시 수가동,경상남도 김해시 수가동,4874
경상남도 김해시 율하동,경상남도 김해시 율하동,4880
경상남도 김해시 부곡동,경상남도 김해시 부곡동,4868
경상남도 김해시 지내동,경상남도 김해시 지내동,4885
경상남도 김해시 전하동,경상남도 김해시 전하동,4884
경상남도 김해시 삼계동,경상남도 김해시 삼계동,4869
경상남도 김해시 대동면,경상남도 김해시 대동면,3606
경상남도 김해시 상동면,경상남도 김해시 상동면,3605
경상남도 김해시 생림면,경상남도 김해시 생림면,3604
경상남도 김해시 가산리,경상남도 김해시 가산리,3603
경상남도 김해시 병동리,경상남도 김해시 병동리,3603
경상남도 김해시 진례면,경상남도 김해시 진례면,3602
경상남도 김해시 좌곤리,경상남도 김해시 좌곤리,3600
경상남도 사천시 죽림동,경상남도 사천시 죽림동,4915
경상남도 사천시 서포면,경상남도 사천시 서포면,3590
경상남도 사천시 연평리,경상남도 사천시 연평리,3589
경상남도 사천시 성방리,경상남도 사천시 성방리,3589
경상남도 사천시 중항리,경상남도 사천시 중항리,3588
경상남도 사천시 가화리,경상남도 사천시 가화리,3588
경상남도 사천시 남문외리,경상남도 사천시 남문외리,3588
경상남도 사천시 축동면,경상남도 사천시 축동면,3587
경상남도 사천시 용현면,경상남도 사천시 용현면,3586
경상남도 사천시 가천리,경상남도 사천시 가천리,3585
경상남도 사천시 정동면,경상남도 사천시 정동면,3584
경상남도 통영시 도남동,경상남도 통영시 도남동,5119
경상남도 통영시 인평동,경상남도 통영시 인평동,5123
경상남도 통영시 사량면,경상남도 통영시 사량면,3573
경상남도 통영시 돈지리,경상남도 통영시 돈지리,3573
경상남도 통영시 한산면,경상남도 통영시 한산면,3572
경상남도 통영시 매죽리,경상남도 통영시 매죽리,3572
경상남도 통영시 비진리,경상남도 통영시 비진리,3572
경상남도 통영시 욕지면,경상남도 통영시 욕지면,3571
경상남도 통영시 두미리,경상남도 통영시 두미리,3571
경상남도 통영시 노대리,경상남도 통영시 노대리,3571
경상남도 통영시 연화리,경상남도 통영시 연화리,3567
경상남도 통영시 서산리,경상남도 통영시 서산리,3571
경상남도 통영시 광도면,경상남도 통영시 광도면,3570
경상남도 통영시 수월리,경상남도 통영시 수월리,3569
경상남도 통영시 어의리,경상남도 통영시 어의리,3568
경상남도 통영시 연곡리,경상남도 통영시 연곡리,3567
경상남도 통영시 추도리,경상남도 통영시 추도리,3567
경상남도 통영시 곤리리,경상남도 통영시 곤리리,3567
경상남도 통영시 미남리,경상남도 통영시 미남리,3567
경상남도 진주시 호탄동,경상남도 진주시 호탄동,4957
경상남도 진주시 유곡동,경상남도 진주시 유곡동,4947
경상남도 진주시 수곡면,경상남도 진주시 수곡면,3549
경상남도 진주시 신풍리,경상남도 진주시 신풍리,3548
경상남도 진주시 신기리,경상남도 진주시 신기리,3547
경상남도 진주시 미천면,경상남도 진주시 미천면,3546
경상남도 진주시 덕오리,경상남도 진주시 덕오리,3545
경상남도 진주시 용아리,경상남도 진주시 용아리,3544
경상남도 진주시 마진리,경상남도 진주시 마진리,3543
경상남도 진주시 사봉면,경상남도 진주시 사봉면,3541
경상남도 진주시 이반성면,경상남도 진주시 이반성면,3540
경상남도 진주시 구천리,경상남도 진주시 구천리,3538
경상남도 진주시 정자리,경상남도 진주시 정자리,3537
경상남도 진주시 독산리,경상남도 진주시 독산리,3535
경상남도 창원시 진해구,경상남도 창원시 진해구,5099
경상남도 창원시 가주동,경상남도 창원시 가주동,5064
경상남도 창원시 연도동,경상남도 창원시 연도동,5098
경상남도 창원시 대천동,경상남도 창원시 대천동,5073
경상남도 창원시 안곡동,경상남도 창원시 안곡동,5095
경상남도 창원시 마산회원구,경상남도 창원시 마산회원구,3504
경상남도 창원시 내서읍,경상남도 창원시 내서읍,3504
경상남도 창원시 우산동,경상남도 창원시 우산동,4980
경상남도 창원시 진전면,경상남도 창원시 진전면,3487
경상남도 창원시 진전면,경상남도 창원시 진전면,3487
경상남도 창원시 진북면,경상남도 창원시 진북면,3486
경상남도 창원시 진동면,경상남도 창원시 진동면,3485
경상남도 창원시 구산면,경상남도 창원시 구산면,3484
경상남도 창원시 성산구,경상남도 창원시 성산구,3478
경상남도 창원시 반림동,경상남도 창원시 반림동,5021
경상남도 창원시 양곡동,경상남도 창원시 양곡동,5030
경상남도 창원시 동정동,경상남도 창원시 동정동,5042
경상남도 창원시 북면,경상남도 창원시 북면,3468
경상남도 창원시 동읍,경상남도 창원시 동읍,3467
경상북도 울릉군 북면,경상북도 울릉군 북면,3463
경상북도 울릉군 서면,경상북도 울릉군 서면,3461
경상북도 울릉군 울릉읍,경상북도 울릉군 울릉읍,3460
경상북도 울릉군 독도리,경상북도 울릉군 독도리,3460
경상북도 울진군 매화면,경상북도 울진군 매화면,3458
경상북도 울진군 길곡리,경상북도 울진군 길곡리,3458
경상북도 울진군 금강송면,경상북도 울진군 금강송면,3457
경상북도 울진군 광회리,경상북도 울진군 광회리,3457
경상북도 울진군 전곡리,경상북도 울진군 전곡리,3457
경상북도 울진군 소광리,경상북도 울진군 소광리,3457
경상북도 울진군 왕피리,경상북도 울진군 왕피리,3457
경상북도 울진군 후포면,경상북도 울진군 후포면,3456
경상북도 울진군 죽변면,경상북도 울진군 죽변면,3455
경상북도 울진군 온정면,경상북도 울진군 온정면,3454
경상북도 울진군 외선미리,경상북도 울진군 외선미리,3454
경상북도 울진군 조금리,경상북도 울진군 조금리,3454
경상북도 울진군 기성면,경상북도 울진군 기성면,3453
경상북도 울진군 방율리,경상북도 울진군 방율리,3453
경상북도 울진군 근남면,경상북도 울진군 근남면,3452
경상북도 울진군 수곡리,경상북도 울진군 수곡리,3452
경상북도 울진군 북면,경상북도 울진군 북면,3450
경상북도 울진군 소곡리,경상북도 울진군 소곡리,3450
경상북도 울진군 두천리,경상북도 울진군 두천리,3450
경상북도 울진군 덕구리,경상북도 울진군 덕구리,3450
경상북도 울진군 평해읍,경상북도 울진군 평해읍,3449
경상북도 울진군 호월리,경상북도 울진군 호월리,3448
경상북도 봉화군 승부리,경상북도 봉화군 승부리,3446
경상북도 봉화군 대현리,경상북도 봉화군 대현리,3446
경상북도 봉화군 석포리,경상북도 봉화군 석포리,3446
경상북도 봉화군 상운면,경상북도 봉화군 상운면,3445
경상북도 봉화군 신라리,경상북도 봉화군 신라리,3445
경상북도 봉화군 명호면,경상북도 봉화군 명호면,3444
경상북도 봉화군 북곡리,경상북도 봉화군 북곡리,3444
경상북도 봉화군 양곡리,경상북도 봉화군 양곡리,3444
경상북도 봉화군 갈산리,경상북도 봉화군 갈산리,3443
경상북도 봉화군 소천면,경상북도 봉화군 소천면,3442
경상북도 봉화군 분천리,경상북도 봉화군 분천리,3442
경상북도 봉화군 고선리,경상북도 봉화군 고선리,3442
경상북도 봉화군 춘양면,경상북도 봉화군 춘양면,3441
경상북도 봉화군 우구치리,경상북도 봉화군 우구치리,3441
경상북도 봉화군 도심리,경상북도 봉화군 도심리,3441
경상북도 봉화군 눌산리,경상북도 봉화군 눌산리,3440
경상북도 봉화군 법전리,경상북도 봉화군 법전리,3440
경상북도 봉화군 금봉리,경상북도 봉화군 금봉리,3439
경상북도 봉화군 외삼리,경상북도 봉화군 외삼리,3439
경상북도 봉화군 물야면,경상북도 봉화군 물야면,3438
경상북도 봉화군 북지리,경상북도 봉화군 북지리,3438
경상북도 봉화군 문단리,경상북도 봉화군 문단리,3437
경상북도 예천군 은풍면,경상북도 예천군 은풍면,3968
경상북도 예천군 석묘리,경상북도 예천군 석묘리,4182
경상북도 예천군 용두리,경상북도 예천군 용두리,4182
경상북도 예천군 풍양면,경상북도 예천군 풍양면,3435
경상북도 예천군 삼강리,경상북도 예천군 삼강리,3435
경상북도 예천군 지보면,경상북도 예천군 지보면,3434
경상북도 예천군 암천리,경상북도 예천군 암천리,3434
경상북도 예천군 개포면,경상북도 예천군 개포면,3433
경상북도 예천군 용궁면,경상북도 예천군 용궁면,3432
경상북도 예천군 덕계리,경상북도 예천군 덕계리,3432
경상북도 예천군 수심리,경상북도 예천군 수심리,3431
경상북도 예천군 담암리,경상북도 예천군 담암리,3430
경상북도 예천군 황지리,경상북도 예천군 황지리,3430
경상북도 예천군 본리,경상북도 예천군 본리,3430
경상북도 예천군 오신리,경상북도 예천군 오신리,3429
경상북도 예천군 대맥리,경상북도 예천군 대맥리,3428
경상북도 예천군 관현리,경상북도 예천군 관현리,3428
경상북도 예천군 원류리,경상북도 예천군 원류리,3425
경상북도 예천군 예천읍,경상북도 예천군 예천읍,3424
경상북도 칠곡군 기산면,경상북도 칠곡군 기산면,3422
경상북도 칠곡군 각산리,경상북도 칠곡군 각산리,3422
경상북도 칠곡군 약목면,경상북도 칠곡군 약목면,3421
경상북도 칠곡군 가산면,경상북도 칠곡군 가산면,3420
경상북도 칠곡군 학산리,경상북도 칠곡군 학산리,3420
경상북도 칠곡군 심곡리,경상북도 칠곡군 심곡리,3420
경상북도 칠곡군 용수리,경상북도 칠곡군 용수리,3420
경상북도 칠곡군 동명면,경상북도 칠곡군 동명면,3419
경상북도 칠곡군 득명리,경상북도 칠곡군 득명리,3419
경상북도 칠곡군 학명리,경상북도 칠곡군 학명리,3419
경상북도 칠곡군 지천면,경상북도 칠곡군 지천면,3418
경상북도 칠곡군 용산리,경상북도 칠곡군 용산리,3418
경상북도 칠곡군 석적읍,경상북도 칠곡군 석적읍,3417
경상북도 칠곡군 반계리,경상북도 칠곡군 반계리,3417
경상북도 칠곡군 숭오리,경상북도 칠곡군 숭오리,3416
경상북도 칠곡군 금남리,경상북도 칠곡군 금남리,3415
경상북도 성주군 월항면,경상북도 성주군 월항면,3413
경상북도 성주군 초전면,경상북도 성주군 초전면,3412
경상북도 성주군 용봉리,경상북도 성주군 용봉리,3412
경상북도 성주군 월곡리,경상북도 성주군 월곡리,3412
경상북도 성주군 벽진면,경상북도 성주군 벽진면,3411
경상북도 성주군 봉학리,경상북도 성주군 봉학리,3411
경상북도 성주군 도남리,경상북도 성주군 도남리,3410
경상북도 성주군 칠봉리,경상북도 성주군 칠봉리,3410
경상북도 성주군 영천리,경상북도 성주군 영천리,3409
경상북도 성주군 용사리,경상북도 성주군 용사리,3408
경상북도 성주군 수륜면,경상북도 성주군 수륜면,3407
경상북도 성주군 보월리,경상북도 성주군 보월리,3407
경상북도 성주군 백운리,경상북도 성주군 백운리,3407
경상북도 성주군 용암면,경상북도 성주군 용암면,3406
경상북도 성주군 마월리,경상북도 성주군 마월리,3406
경상북도 성주군 선남면,경상북도 성주군 선남면,3405
경상북도 고령군 쌍림면,경상북도 고령군 쌍림면,3402
경상북도 고령군 우곡면,경상북도 고령군 우곡면,3401
경상북도 고령군 인안리,경상북도 고령군 인안리,3400
경상북도 고령군 양전리,경상북도 고령군 양전리,3400
경상북도 고령군 다산면,경상북도 고령군 다산면,3399
경상북도 고령군 송곡리,경상북도 고령군 송곡리,3399
경상북도 고령군 성산면,경상북도 고령군 성산면,3398
경상북도 고령군 운수면,경상북도 고령군 운수면,3397
경상북도 고령군 덕곡면,경상북도 고령군 덕곡면,3396
경상북도 청도군 매전면,경상북도 청도군 매전면,3393
경상북도 청도군 두곡리,경상북도 청도군 두곡리,3393
경상북도 청도군 송원리,경상북도 청도군 송원리,3393
경상북도 청도군 오봉리,경상북도 청도군 오봉리,3392
경상북도 청도군 방지리,경상북도 청도군 방지리,3392
경상북도 청도군 갈지리,경상북도 청도군 갈지리,3392
경상북도 청도군 마일리,경상북도 청도군 마일리,3391
경상북도 청도군 공암리,경상북도 청도군 공암리,3391
경상북도 청도군 신원리,경상북도 청도군 신원리,3391
경상북도 청도군 오진리,경상북도 청도군 오진리,3391
경상북도 청도군 이서면,경상북도 청도군 이서면,3390
경상북도 청도군 팔조리,경상북도 청도군 팔조리,3390
경상북도 청도군 각북면,경상북도 청도군 각북면,3389
경상북도 청도군 풍각면,경상북도 청도군 풍각면,3388
경상북도 청도군 청도읍,경상북도 청도군 청도읍,3385
경상북도 청도군 상리,경상북도 청도군 상리,3385
경상북도 영덕군 창수면,경상북도 영덕군 창수면,3381
경상북도 영덕군 백청리,경상북도 영덕군 백청리,3381
경상북도 영덕군 오촌리,경상북도 영덕군 오촌리,3381
경상북도 영덕군 창수리,경상북도 영덕군 창수리,3381
경상북도 영덕군 병곡면,경상북도 영덕군 병곡면,3380
경상북도 영덕군 금곡리,경상북도 영덕군 금곡리,3380
경상북도 영덕군 영해면,경상북도 영덕군 영해면,3379
경상북도 영덕군 대리,경상북도 영덕군 대리,3379
경상북도 영덕군 기암리,경상북도 영덕군 기암리,3377
경상북도 영덕군 조항리,경상북도 영덕군 조항리,3377
경상북도 영덕군 지품면,경상북도 영덕군 지품면,3375
경상북도 영덕군 신애리,경상북도 영덕군 신애리,3375
경상북도 영덕군 속곡리,경상북도 영덕군 속곡리,3375
경상북도 영덕군 황장리,경상북도 영덕군 황장리,3375
경상북도 영덕군 옥계리,경상북도 영덕군 옥계리,3374
경상북도 영덕군 덕산리,경상북도 영덕군 덕산리,3374
경상북도 영덕군 흥기리,경상북도 영덕군 흥기리,3374
경상북도 영덕군 남정면,경상북도 영덕군 남정면,3373
경상북도 영덕군 남호리,경상북도 영덕군 남호리,3373
경상북도 영덕군 쟁암리,경상북도 영덕군 쟁암리,3373
경상북도 영덕군 금진리,경상북도 영덕군 금진리,3372
경상북도 영덕군 대탄리,경상북도 영덕군 대탄리,3371
경상북도 영양군 석보면,경상북도 영양군 석보면,3369
경상북도 영양군 홍계리,경상북도 영양군 홍계리,3369
경상북도 영양군 수비면,경상북도 영양군 수비면,3368
경상북도 영양군 송하리,경상북도 영양군 송하리,3368
경상북도 영양군 신암리,경상북도 영양군 신암리,3368
경상북도 영양군 수하리,경상북도 영양군 수하리,3368
경상북도 영양군 일월면,경상북도 영양군 일월면,3367
경상북도 영양군 가곡리,경상북도 영양군 가곡리,3367
경상북도 영양군 용화리,경상북도 영양군 용화리,3367
경상북도 영양군 청기면,경상북도 영양군 청기면,3366
경상북도 영양군 당리,경상북도 영양군 당리,3366
경상북도 영양군 무진리,경상북도 영양군 무진리,3366
경상북도 영양군 병옥리,경상북도 영양군 병옥리,3365
경상북도 영양군 금학리,경상북도 영양군 금학리,3365
경상북도 영양군 연당리,경상북도 영양군 연당리,3365
경상북도 영양군 대천리,경상북도 영양군 대천리,3364
경상북도 청송군 신촌리,경상북도 청송군 신촌리,3362
경상북도 청송군 부곡리,경상북도 청송군 부곡리,3362
경상북도 청송군 기곡리,경상북도 청송군 기곡리,3362
경상북도 청송군 파천면,경상북도 청송군 파천면,3361
경상북도 청송군 지경리,경상북도 청송군 지경리,3361
경상북도 청송군 안덕면,경상북도 청송군 안덕면,3360
경상북도 청송군 고와리,경상북도 청송군 고와리,3360
경상북도 청송군 근곡리,경상북도 청송군 근곡리,3360
경상북도 청송군 현서면,경상북도 청송군 현서면,3359
경상북도 청송군 도리,경상북도 청송군 도리,3359
경상북도 청송군 갈천리,경상북도 청송군 갈천리,3359
경상북도 청송군 개일리,경상북도 청송군 개일리,3358
경상북도 청송군 양숙리,경상북도 청송군 양숙리,3357
경상북도 청송군 이현리,경상북도 청송군 이현리,3357
경상북도 청송군 홍원리,경상북도 청송군 홍원리,3357
경상북도 청송군 주왕산면,경상북도 청송군 주왕산면,3356
경상북도 청송군 상의리,경상북도 청송군 상의리,3356
경상북도 청송군 지리,경상북도 청송군 지리,3356
경상북도 청송군 월외리,경상북도 청송군 월외리,3355
경상북도 청송군 금곡리,경상북도 청송군 금곡리,3355
경상북도 의성군 안사면,경상북도 의성군 안사면,3353
경상북도 의성군 쌍호리,경상북도 의성군 쌍호리,3353
경상북도 의성군 안평면,경상북도 의성군 안평면,3352
경상북도 의성군 삼춘리,경상북도 의성군 삼춘리,3352
경상북도 의성군 신월리,경상북도 의성군 신월리,3352
경상북도 의성군 신평면,경상북도 의성군 신평면,3351
경상북도 의성군 다인면,경상북도 의성군 다인면,3350
경상북도 의성군 안계면,경상북도 의성군 안계면,3349
경상북도 의성군 성암리,경상북도 의성군 성암리,3348
경상북도 의성군 낙정리,경상북도 의성군 낙정리,3347
경상북도 의성군 용곡리,경상북도 의성군 용곡리,3350
경상북도 의성군 비안면,경상북도 의성군 비안면,3345
경상북도 의성군 도암리,경상북도 의성군 도암리,3350
경상북도 의성군 길천리,경상북도 의성군 길천리,3344
경상북도 의성군 금성면,경상북도 의성군 금성면,3343
경상북도 의성군 만천리,경상북도 의성군 만천리,3343
경상북도 의성군 현리리,경상북도 의성군 현리리,3342
경상북도 의성군 춘산면,경상북도 의성군 춘산면,3341
경상북도 의성군 사곡면,경상북도 의성군 사곡면,3340
경상북도 의성군 옥산면,경상북도 의성군 옥산면,3339
경상북도 의성군 금학리,경상북도 의성군 금학리,3339
경상북도 의성군 점곡면,경상북도 의성군 점곡면,3338
경상북도 의성군 황룡리,경상북도 의성군 황룡리,3338
경상북도 의성군 단촌면,경상북도 의성군 단촌면,3337
경상북도 의성군 구계리,경상북도 의성군 구계리,3337
경상북도 경산시 갑제동,경상북도 경산시 갑제동,5127
경상북도 경산시 남천면,경상북도 경산시 남천면,3318
경상북도 경산시 남산면,경상북도 경산시 남산면,3316
경상북도 경산시 상대리,경상북도 경산시 상대리,3316
경상북도 경산시 가척리,경상북도 경산시 가척리,3315
경상북도 경산시 외촌리,경상북도 경산시 외촌리,3315
경상북도 경산시 와촌면,경상북도 경산시 와촌면,3313
경상북도 경산시 음양리,경상북도 경산시 음양리,3313
경상북도 경산시 진량읍,경상북도 경산시 진량읍,3312
경상북도 문경시 윤직동,경상북도 문경시 윤직동,5242
경상북도 문경시 유곡동,경상북도 문경시 유곡동,5241
경상북도 문경시 농암면,경상북도 문경시 농암면,3304
경상북도 문경시 선곡리,경상북도 문경시 선곡리,3304
경상북도 문경시 내서리,경상북도 문경시 내서리,3304
경상북도 문경시 궁기리,경상북도 문경시 궁기리,3304
경상북도 문경시 마성면,경상북도 문경시 마성면,3303
경상북도 문경시 동로면,경상북도 문경시 동로면,3302
경상북도 문경시 명전리,경상북도 문경시 명전리,3302
경상북도 문경시 인곡리,경상북도 문경시 인곡리,3302
경상북도 문경시 산북면,경상북도 문경시 산북면,3301
경상북도 문경시 창구리,경상북도 문경시 창구리,3301
경상북도 문경시 석봉리,경상북도 문경시 석봉리,3301
경상북도 문경시 우로리,경상북도 문경시 우로리,3300
경상북도 문경시 율곡리,경상북도 문경시 율곡리,3298
경상북도 문경시 가은읍,경상북도 문경시 가은읍,3296
경상북도 문경시 원북리,경상북도 문경시 원북리,3296
경상북도 문경시 완장리,경상북도 문경시 완장리,3296
경상북도 문경시 문경읍,경상북도 문경시 문경읍,3294
경상북도 문경시 관음리,경상북도 문경시 관음리,3294
경상북도 문경시 용연리,경상북도 문경시 용연리,3294
경상북도 문경시 상초리,경상북도 문경시 상초리,3294
경상북도 상주시 남적동,경상북도 상주시 남적동,5254
경상북도 상주시 남장동,경상북도 상주시 남장동,5253
경상북도 상주시 도남동,경상북도 상주시 도남동,5256
경상북도 상주시 외답동,경상북도 상주시 외답동,5271
경상북도 상주시 오대동,경상북도 상주시 오대동,5270
경상북도 상주시 화남면,경상북도 상주시 화남면,3286
경상북도 상주시 소곡리,경상북도 상주시 소곡리,3286
경상북도 상주시 이안리,경상북도 상주시 이안리,3285
경상북도 상주시 아천리,경상북도 상주시 아천리,3285
경상북도 상주시 중소리,경상북도 상주시 중소리,3284
경상북도 상주시 예의리,경상북도 상주시 예의리,3281
경상북도 상주시 운흥리,경상북도 상주시 운흥리,3279
경상북도 상주시 입석리,경상북도 상주시 입석리,3279
경상북도 상주시 장암리,경상북도 상주시 장암리,3279
경상북도 상주시 신봉리,경상북도 상주시 신봉리,3278
경상북도 상주시 어산리,경상북도 상주시 어산리,3277
경상북도 상주시 모서면,경상북도 상주시 모서면,3275
경상북도 상주시 호음리,경상북도 상주시 호음리,3275
경상북도 상주시 득수리,경상북도 상주시 득수리,3275
경상북도 상주시 수봉리,경상북도 상주시 수봉리,3274
경상북도 상주시 상판리,경상북도 상주시 상판리,3274
경상북도 상주시 외남면,경상북도 상주시 외남면,3272
경상북도 상주시 공성면,경상북도 상주시 공성면,3271
경상북도 상주시 효곡리,경상북도 상주시 효곡리,3271
경상북도 상주시 청상리,경상북도 상주시 청상리,3270
경상북도 상주시 낙동면,경상북도 상주시 낙동면,3268
경상북도 상주시 신오리,경상북도 상주시 신오리,3268
경상북도 상주시 묵상리,경상북도 상주시 묵상리,3267
경상북도 상주시 우물리,경상북도 상주시 우물리,3266
경상북도 영천시 서산동,경상북도 영천시 서산동,5345
경상북도 영천시 신기동,경상북도 영천시 신기동,5347
경상북도 영천시 도남동,경상북도 영천시 도남동,5335
경상북도 영천시 대창면,경상북도 영천시 대창면,3258
경상북도 영천시 용전리,경상북도 영천시 용전리,3256
경상북도 영천시 북안면,경상북도 영천시 북안면,3257
경상북도 영천시 고경면,경상북도 영천시 고경면,3256
경상북도 영천시 논실리,경상북도 영천시 논실리,3256
경상북도 영천시 청정리,경상북도 영천시 청정리,3256
경상북도 영천시 삼귀리,경상북도 영천시 삼귀리,3256
경상북도 영천시 대의리,경상북도 영천시 대의리,3256
경상북도 영천시 수성리,경상북도 영천시 수성리,3255
경상북도 영천시 황강리,경상북도 영천시 황강리,3255
경상북도 영천시 자양면,경상북도 영천시 자양면,3254
경상북도 영천시 충효리,경상북도 영천시 충효리,3254
경상북도 영천시 화남면,경상북도 영천시 화남면,3253
경상북도 영천시 월곡리,경상북도 영천시 월곡리,3253
경상북도 영천시 죽곡리,경상북도 영천시 죽곡리,3253
경상북도 영천시 횡계리,경상북도 영천시 횡계리,3252
경상북도 영천시 화산면,경상북도 영천시 화산면,3251
경상북도 영천시 당지리,경상북도 영천시 당지리,3251
경상북도 영천시 신녕면,경상북도 영천시 신녕면,3250
경상북도 영천시 화서리,경상북도 영천시 화서리,3250
경상북도 영주시 아지동,경상북도 영주시 아지동,5322
경상북도 영주시 적서동,경상북도 영주시 적서동,5324
경상북도 영주시 부석면,경상북도 영주시 부석면,3237
경상북도 영주시 감곡리,경상북도 영주시 감곡리,3237
경상북도 영주시 남대리,경상북도 영주시 남대리,3237
경상북도 영주시 마락리,경상북도 영주시 마락리,3236
경상북도 영주시 좌석리,경상북도 영주시 좌석리,3236
경상북도 영주시 순흥면,경상북도 영주시 순흥면,3235
경상북도 영주시 배점리,경상북도 영주시 배점리,3235
경상북도 영주시 봉현면,경상북도 영주시 봉현면,3234
경상북도 영주시 묵리,경상북도 영주시 묵리,3233
경상북도 영주시 성곡리,경상북도 영주시 성곡리,3232
경상북도 영주시 수도리,경상북도 영주시 수도리,3231
경상북도 영주시 평은면,경상북도 영주시 평은면,3230
경상북도 영주시 지곡리,경상북도 영주시 지곡리,3230
경상북도 영주시 두월리,경상북도 영주시 두월리,3229
경상북도 영주시 수철리,경상북도 영주시 수철리,3228
경상북도 구미시 구포동,경상북도 구미시 구포동,5195
경상북도 구미시 신평동,경상북도 구미시 신평동,5206
경상북도 구미시 선기동,경상북도 구미시 선기동,5202
경상북도 구미시 금산리,경상북도 구미시 금산리,3205
경상북도 구미시 백현리,경상북도 구미시 백현리,3206
경상북도 구미시 해평면,경상북도 구미시 해평면,3205
경상북도 구미시 일선리,경상북도 구미시 일선리,3205
경상북도 구미시 옥성면,경상북도 구미시 옥성면,3203
경상북도 구미시 무을면,경상북도 구미시 무을면,3202
경상북도 구미시 고아읍,경상북도 구미시 고아읍,3201
경상북도 구미시 외예리,경상북도 구미시 외예리,3201
경상북도 구미시 봉곡리,경상북도 구미시 봉곡리,3200
경상북도 안동시 수하동,경상북도 안동시 수하동,5303
경상북도 안동시 정상동,경상북도 안동시 정상동,5314
경상북도 안동시 석동동,경상북도 안동시 석동동,5298
경상북도 안동시 이천동,경상북도 안동시 이천동,5313
경상북도 안동시 녹전면,경상북도 안동시 녹전면,3188
경상북도 안동시 도산면,경상북도 안동시 도산면,3187
경상북도 안동시 서부리,경상북도 안동시 서부리,3187
경상북도 안동시 단천리,경상북도 안동시 단천리,3187
경상북도 안동시 예안면,경상북도 안동시 예안면,3186
경상북도 안동시 미질리,경상북도 안동시 미질리,3186
경상북도 안동시 동천리,경상북도 안동시 동천리,3186
경상북도 안동시 임동면,경상북도 안동시 임동면,3185
경상북도 안동시 위리,경상북도 안동시 위리,3185
경상북도 안동시 길안면,경상북도 안동시 길안면,3184
경상북도 안동시 대곡리,경상북도 안동시 대곡리,3184
경상북도 안동시 송사리,경상북도 안동시 송사리,3184
경상북도 안동시 백자리,경상북도 안동시 백자리,3184
경상북도 안동시 임하면,경상북도 안동시 임하면,3183
경상북도 안동시 고곡리,경상북도 안동시 고곡리,3183
경상북도 안동시 신흥리,경상북도 안동시 신흥리,3182
경상북도 안동시 단호리,경상북도 안동시 단호리,3181
경상북도 안동시 일직면,경상북도 안동시 일직면,3180
경상북도 안동시 국곡리,경상북도 안동시 국곡리,3180
경상북도 안동시 하회리,경상북도 안동시 하회리,3179
경상북도 안동시 재품리,경상북도 안동시 재품리,3178
경상북도 안동시 광평리,경상북도 안동시 광평리,3178
경상북도 안동시 와룡면,경상북도 안동시 와룡면,3176
경상북도 안동시 매곡리,경상북도 안동시 매곡리,3175
경상북도 안동시 노리,경상북도 안동시 노리,3175
경상북도 김천시 양천동,경상북도 김천시 양천동,5230
경상북도 김천시 응명동,경상북도 김천시 응명동,5232
경상북도 김천시 율곡동,경상북도 김천시 율곡동,3173
경상북도 김천시 황점리,경상북도 김천시 황점리,3166
경상북도 김천시 동안리,경상북도 김천시 동안리,3166
경상북도 김천시 문의리,경상북도 김천시 문의리,3165
경상북도 김천시 조룡리,경상북도 김천시 조룡리,3165
경상북도 김천시 덕산리,경상북도 김천시 덕산리,3165
경상북도 김천시 희곡리,경상북도 김천시 희곡리,3164
경상북도 김천시 대야리,경상북도 김천시 대야리,3164
경상북도 김천시 지례면,경상북도 김천시 지례면,3163
경상북도 김천시 이전리,경상북도 김천시 이전리,3163
경상북도 김천시 구성면,경상북도 김천시 구성면,3162
경상북도 김천시 신왕리,경상북도 김천시 신왕리,3161
경상북도 김천시 대항면,경상북도 김천시 대항면,3159
경상북도 김천시 대성리,경상북도 김천시 대성리,3152
경상북도 김천시 광천리,경상북도 김천시 광천리,3158
경상북도 김천시 인의리,경상북도 김천시 인의리,3158
경상북도 김천시 능치리,경상북도 김천시 능치리,3157
경상북도 김천시 덕마리,경상북도 김천시 덕마리,3157
경상북도 김천시 감문면,경상북도 김천시 감문면,3156
경상북도 김천시 개령면,경상북도 김천시 개령면,3155
경상북도 김천시 오봉리,경상북도 김천시 오봉리,3154
경상북도 경주시 석장동,경상북도 경주시 석장동,5174
경상북도 경주시 배동,경상북도 경주시 배동,5166
경상북도 경주시 손곡동,경상북도 경주시 손곡동,5176
경상북도 경주시 황용동,경상북도 경주시 황용동,5190
경상북도 경주시 마동,경상북도 경주시 마동,5165
경상북도 경주시 시동,경상북도 경주시 시동,5177
경상북도 경주시 신당리,경상북도 경주시 신당리,3139
경상북도 경주시 화산리,경상북도 경주시 화산리,3139
경상북도 경주시 강동면,경상북도 경주시 강동면,3138
경상북도 경주시 단구리,경상북도 경주시 단구리,3138
경상북도 경주시 가정리,경상북도 경주시 가정리,3137
경상북도 경주시 운대리,경상북도 경주시 운대리,3136
경상북도 경주시 천촌리,경상북도 경주시 천촌리,3136
경상북도 경주시 산내면,경상북도 경주시 산내면,3135
경상북도 경주시 대현리,경상북도 경주시 대현리,3135
경상북도 경주시 감산리,경상북도 경주시 감산리,3135
경상북도 경주시 내남면,경상북도 경주시 내남면,3134
경상북도 경주시 비지리,경상북도 경주시 비지리,3134
경상북도 경주시 안심리,경상북도 경주시 안심리,3134
경상북도 경주시 양남면,경상북도 경주시 양남면,3133
경상북도 경주시 상라리,경상북도 경주시 상라리,3133
경상북도 경주시 신대리,경상북도 경주시 신대리,3133
경상북도 경주시 양북면,경상북도 경주시 양북면,3132
경상북도 경주시 용동리,경상북도 경주시 용동리,3132
경상북도 경주시 외동읍,경상북도 경주시 외동읍,3131
경상북도 경주시 녹동리,경상북도 경주시 녹동리,3131
경상북도 경주시 금척리,경상북도 경주시 금척리,3130
경상북도 경주시 산대리,경상북도 경주시 산대리,3129
경상북도 경주시 대동리,경상북도 경주시 대동리,3129
경상북도 경주시 감포읍,경상북도 경주시 감포읍,3128
경상북도 포항시 북구,경상북도 포항시 북구,3111
경상북도 포항시 여남동,경상북도 포항시 여남동,5383
경상북도 포항시 기북면,경상북도 포항시 기북면,3118
경상북도 포항시 기북면,경상북도 포항시 기북면,3118
경상북도 포항시 죽장면,경상북도 포항시 죽장면,3116
경상북도 포항시 죽장면,경상북도 포항시 죽장면,3116
경상북도 포항시 죽장면,경상북도 포항시 죽장면,3116
경상북도 포항시 죽장면,경상북도 포항시 죽장면,3116
경상북도 포항시 기계면,경상북도 포항시 기계면,3115
경상북도 포항시 송라면,경상북도 포항시 송라면,3114
경상북도 포항시 청하면,경상북도 포항시 청하면,3113
경상북도 포항시 청하면,경상북도 포항시 청하면,3113
경상북도 포항시 청하면,경상북도 포항시 청하면,3113
경상북도 포항시 신광면,경상북도 포항시 신광면,3112
경상북도 포항시 흥해읍,경상북도 포항시 흥해읍,3111
경상북도 포항시 호동,경상북도 포항시 호동,5370
경상북도 포항시 호미곶면,경상북도 포항시 호미곶면,3102
경상북도 포항시 장기면,경상북도 포항시 장기면,3101
경상북도 포항시 장기면,경상북도 포항시 장기면,3101
경상북도 포항시 동해면,경상북도 포항시 동해면,3100
경상북도 포항시 동해면,경상북도 포항시 동해면,3100
경상북도 포항시 오천읍,경상북도 포항시 오천읍,3098
경상북도 포항시 오천읍,경상북도 포항시 오천읍,3098
광주광역시 광산구 오선동,광주광역시 광산구 오선동,5437
광주광역시 광산구 동림동,광주광역시 광산구 동림동,5401
광주광역시 광산구 산수동,광주광역시 광산구 산수동,5414
광주광역시 광산구 신동,광주광역시 광산구 신동,5428
광주광역시 광산구 양동,광주광역시 광산구 양동,5433
광주광역시 광산구 용동,광주광역시 광산구 용동,5443
광주광역시 광산구 송대동,광주광역시 광산구 송대동,5422
광주광역시 광산구 광산동,광주광역시 광산구 광산동,5393
광주광역시 북구 오룡동,광주광역시 북구 오룡동,5535
광주광역시 북구 용강동,광주광역시 북구 용강동,5537
광주광역시 북구 화암동,광주광역시 북구 화암동,5550
광주광역시 북구 망월동,광주광역시 북구 망월동,5527
광주광역시 북구 운암동,광주광역시 북구 운암동,5540
광주광역시 남구 원산동,광주광역시 남구 원산동,5479
광주광역시 남구 승촌동,광주광역시 남구 승촌동,5474
광주광역시 남구 봉선동,광주광역시 남구 봉선동,5469
광주광역시 동구 내남동,광주광역시 동구 내남동,5499
대구광역시 달성군 구지면,대구광역시 달성군 구지면,824
대구광역시 달성군 봉촌리,대구광역시 달성군 봉촌리,820
대구광역시 달성군 가창면,대구광역시 달성군 가창면,819
대구광역시 달성군 옥분리,대구광역시 달성군 옥분리,819
대구광역시 달성군 정대리,대구광역시 달성군 정대리,819
대구광역시 달성군 김흥리,대구광역시 달성군 김흥리,821
대구광역시 달성군 유가읍,대구광역시 달성군 유가읍,823
대구광역시 달성군 본리리,대구광역시 달성군 본리리,814
대구광역시 달서구 송현동,대구광역시 달서구 송현동,5570
대구광역시 수성구 대흥동,대구광역시 수성구 대흥동,5659
대구광역시 수성구 수성동4가,대구광역시 수성구 수성동4가,5670
대구광역시 북구 연경동,대구광역시 북구 연경동,5639
대구광역시 북구 노곡동,대구광역시 북구 노곡동,5627
대구광역시 북구 검단동,대구광역시 북구 검단동,755
대구광역시 동구 미대동,대구광역시 동구 미대동,5596
대구광역시 동구 내곡동,대구광역시 동구 내곡동,5584
대구광역시 동구 용계동,대구광역시 동구 용계동,5613
대전광역시 대덕구 미호동,대전광역시 대덕구 미호동,5736
대전광역시 대덕구 이현동,대전광역시 대덕구 이현동,5747
대전광역시 대덕구 신일동,대전광역시 대덕구 신일동,5742
대전광역시 대덕구 법동,대전광역시 대덕구 법동,5737
대전광역시 유성구 신동,대전광역시 유성구 신동,5834
대전광역시 유성구 반석동,대전광역시 유성구 반석동,5823
대전광역시 유성구 장동,대전광역시 유성구 장동,5845
대전광역시 유성구 복용동,대전광역시 유성구 복용동,5826
대전광역시 유성구 방동,대전광역시 유성구 방동,5824
대전광역시 서구 오동,대전광역시 서구 오동,5797
대전광역시 서구 도마동,대전광역시 서구 도마동,5791
대전광역시 중구 금동,대전광역시 중구 금동,5854
대전광역시 중구 옥계동,대전광역시 중구 옥계동,5862
대전광역시 동구 삼괴동,대전광역시 동구 삼괴동,5761
대전광역시 동구 주촌동,대전광역시 동구 주촌동,5780
대전광역시 동구 신상동,대전광역시 동구 신상동,5767
부산광역시 기장군 철마면,부산광역시 기장군 철마면,674
부산광역시 기장군 원리,부산광역시 기장군 원리,672
부산광역시 기장군 길천리,부산광역시 기장군 길천리,671
부산광역시 기장군 명례리,부산광역시 기장군 명례리,671
부산광역시 기장군 내리,부산광역시 기장군 내리,670
부산광역시 사상구 주례동,부산광역시 사상구 주례동,5927
부산광역시 수영구 남천동,부산광역시 수영구 남천동,5957
부산광역시 연제구 연산동,부산광역시 연제구 연산동,5960
부산광역시 강서구 대항동,부산광역시 강서구 대항동,5871
부산광역시 강서구 눌차동,부산광역시 강서구 눌차동,5870
부산광역시 강서구 명지동,부산광역시 강서구 명지동,5873
부산광역시 강서구 대저2동,부산광역시 강서구 대저2동,626
부산광역시 금정구 장전동,부산광역시 금정구 장전동,5894
부산광역시 사하구 감천동,부산광역시 사하구 감천동,5928
부산광역시 해운대구 중동,부산광역시 해운대구 중동,6029
부산광역시 북구 만덕동,부산광역시 북구 만덕동,5923
부산광역시 부산진구 부전제2동,부산광역시 부산진구 부전제2동,504
부산광역시 영도구 동삼동,부산광역시 영도구 동삼동,5968
세종특별자치시 소정면 고등리,세종특별자치시 소정면 고등리,1252
세종특별자치시 전동면 심중리,세종특별자치시 전동면 심중리,1251
세종특별자치시 전동면 송성리,세종특별자치시 전동면 송성리,1251
세종특별자치시 전의면 다방리,세종특별자치시 전의면 다방리,1250
세종특별자치시 연서면 봉암리,세종특별자치시 연서면 봉암리,1249
세종특별자치시 연서면 기룡리,세종특별자치시 연서면 기룡리,1249
세종특별자치시 장군면 송학리,세종특별자치시 장군면 송학리,1248
세종특별자치시 장군면 산학리,세종특별자치시 장군면 산학리,1248
세종특별자치시 금남면 도남리,세종특별자치시 금남면 도남리,1247
세종특별자치시 금남면 신촌리,세종특별자치시 금남면 신촌리,1247
세종특별자치시 부강면 문곡리,세종특별자치시 부강면 문곡리,1246
세종특별자치시 조치원읍 서창리,세종특별자치시 조치원읍 서창리,1243
울산광역시 울주군 삼동면,울산광역시 울주군 삼동면,1240
울산광역시 울주군 상북면,울산광역시 울주군 상북면,1238
울산광역시 울주군 덕현리,울산광역시 울주군 덕현리,1238
울산광역시 울주군 이천리,울산광역시 울주군 이천리,1238
울산광역시 울주군 두서면,울산광역시 울주군 두서면,1237
울산광역시 울주군 봉계리,울산광역시 울주군 봉계리,1236
울산광역시 울주군 이전리,울산광역시 울주군 이전리,1236
울산광역시 울주군 웅촌면,울산광역시 울주군 웅촌면,1235
울산광역시 울주군 화정리,울산광역시 울주군 화정리,1233
울산광역시 울주군 청량읍,울산광역시 울주군 청량읍,1234
울산광역시 울주군 율리,울산광역시 울주군 율리,1234
울산광역시 울주군 범서읍,울산광역시 울주군 범서읍,1232
울산광역시 울주군 고산리,울산광역시 울주군 고산리,1231
울산광역시 울주군 태기리,울산광역시 울주군 태기리,1230
울산광역시 울주군 이진리,울산광역시 울주군 이진리,1229
울산광역시 북구 화봉동,울산광역시 북구 화봉동,6458
울산광역시 북구 산하동,울산광역시 북구 산하동,6444
울산광역시 북구 신천동,울산광역시 북구 신천동,6448
울산광역시 북구 가대동,울산광역시 북구 가대동,6436
울산광역시 북구 염포동,울산광역시 북구 염포동,1227
울산광역시 동구 주전동,울산광역시 동구 주전동,6435
울산광역시 동구 방어동,울산광역시 동구 방어동,1210
울산광역시 남구 용연동,울산광역시 남구 용연동,6427
울산광역시 남구 신정동,울산광역시 남구 신정동,6424
전라남도 신안군 암태면,전라남도 신안군 암태면,3092
전라남도 신안군 당사리,전라남도 신안군 당사리,3092
전라남도 신안군 팔금면,전라남도 신안군 팔금면,3091
전라남도 신안군 한운리,전라남도 신안군 한운리,3077
전라남도 신안군 반월리,전라남도 신안군 반월리,3089
전라남도 신안군 여흘리,전라남도 신안군 여흘리,3089
전라남도 신안군 자라리,전라남도 신안군 자라리,3089
전라남도 신안군 장산면,전라남도 신안군 장산면,3088
전라남도 신안군 마진도리,전라남도 신안군 마진도리,3088
전라남도 신안군 신의면,전라남도 신안군 신의면,3087
전라남도 신안군 고평사도리,전라남도 신안군 고평사도리,3087
전라남도 신안군 하태서리,전라남도 신안군 하태서리,3087
전라남도 신안군 상태서리,전라남도 신안군 상태서리,3087
전라남도 신안군 하의면,전라남도 신안군 하의면,3086
전라남도 신안군 능산리,전라남도 신안군 능산리,3086
전라남도 신안군 흑산면,전라남도 신안군 흑산면,3081
전라남도 신안군 다물도리,전라남도 신안군 다물도리,3081
전라남도 신안군 만재도리,전라남도 신안군 만재도리,3081
전라남도 신안군 가거도리,전라남도 신안군 가거도리,3081
전라남도 신안군 태도리,전라남도 신안군 태도리,3081
전라남도 신안군 홍도리,전라남도 신안군 홍도리,3081
전라남도 신안군 영산리,전라남도 신안군 영산리,3081
전라남도 신안군 도초면,전라남도 신안군 도초면,3079
전라남도 신안군 우이도리,전라남도 신안군 우이도리,3079
전라남도 신안군 비금면,전라남도 신안군 비금면,3078
전라남도 신안군 수치리,전라남도 신안군 수치리,3078
전라남도 신안군 광대리,전라남도 신안군 광대리,3078
전라남도 신안군 자은면,전라남도 신안군 자은면,3077
전라남도 신안군 임자면,전라남도 신안군 임자면,3076
전라남도 신안군 삼두리,전라남도 신안군 삼두리,3076
전라남도 신안군 도찬리,전라남도 신안군 도찬리,3076
전라남도 신안군 증도면,전라남도 신안군 증도면,3074
전라남도 신안군 우전리,전라남도 신안군 우전리,3074
전라남도 신안군 압해읍,전라남도 신안군 압해읍,3071
전라남도 신안군 장감리,전라남도 신안군 장감리,3071
전라남도 신안군 송공리,전라남도 신안군 송공리,3071
전라남도 신안군 매화리,전라남도 신안군 매화리,3071
전라남도 신안군 지도읍,전라남도 신안군 지도읍,3069
전라남도 신안군 태천리,전라남도 신안군 태천리,3069
전라남도 신안군 어의리,전라남도 신안군 어의리,3069
전라남도 진도군 조도면,전라남도 진도군 조도면,3065
전라남도 진도군 가사도리,전라남도 진도군 가사도리,3065
전라남도 진도군 내병도리,전라남도 진도군 내병도리,3065
전라남도 진도군 옥도리,전라남도 진도군 옥도리,3065
전라남도 진도군 진목도리,전라남도 진도군 진목도리,3065
전라남도 진도군 맹골도리,전라남도 진도군 맹골도리,3065
전라남도 진도군 청등도리,전라남도 진도군 청등도리,3065
전라남도 진도군 독거도리,전라남도 진도군 독거도리,3065
전라남도 진도군 성남도리,전라남도 진도군 성남도리,3065
전라남도 진도군 대마도리,전라남도 진도군 대마도리,3065
전라남도 진도군 창유리,전라남도 진도군 창유리,3065
전라남도 진도군 서거차도리,전라남도 진도군 서거차도리,3065
전라남도 진도군 지산면,전라남도 진도군 지산면,3064
전라남도 진도군 심동리,전라남도 진도군 심동리,3064
전라남도 진도군 거제리,전라남도 진도군 거제리,3064
전라남도 진도군 남동리,전라남도 진도군 남동리,3059
전라남도 진도군 죽림리,전라남도 진도군 죽림리,3063
전라남도 진도군 삼막리,전라남도 진도군 삼막리,3063
전라남도 진도군 구자도리,전라남도 진도군 구자도리,3062
전라남도 진도군 만길리,전라남도 진도군 만길리,3062
전라남도 진도군 모도리,전라남도 진도군 모도리,3062
전라남도 진도군 사천리,전라남도 진도군 사천리,3062
전라남도 진도군 원포리,전라남도 진도군 원포리,3061
전라남도 진도군 오류리,전라남도 진도군 오류리,3061
전라남도 진도군 정자리,전라남도 진도군 정자리,3060
전라남도 진도군 녹진리,전라남도 진도군 녹진리,3060
전라남도 완도군 생일면,전라남도 완도군 생일면,3057
전라남도 완도군 봉선리,전라남도 완도군 봉선리,3057
전라남도 완도군 보길면,전라남도 완도군 보길면,3056
전라남도 완도군 금당면,전라남도 완도군 금당면,3055
전라남도 완도군 소안면,전라남도 완도군 소안면,3054
전라남도 완도군 당사리,전라남도 완도군 당사리,3054
전라남도 완도군 청산면,전라남도 완도군 청산면,3052
전라남도 완도군 여서리,전라남도 완도군 여서리,3052
전라남도 완도군 모도리,전라남도 완도군 모도리,3052
전라남도 완도군 동촌리,전라남도 완도군 동촌리,3052
전라남도 완도군 약산면,전라남도 완도군 약산면,3051
전라남도 완도군 고금면,전라남도 완도군 고금면,3050
전라남도 완도군 신지면,전라남도 완도군 신지면,3049
전라남도 완도군 월양리,전라남도 완도군 월양리,3049
전라남도 완도군 군외면,전라남도 완도군 군외면,3048
전라남도 완도군 당인리,전라남도 완도군 당인리,3048
전라남도 완도군 황진리,전라남도 완도군 황진리,3048
전라남도 완도군 방서리,전라남도 완도군 방서리,3046
전라남도 완도군 내리,전라남도 완도군 내리,3046
전라남도 완도군 동천리,전라남도 완도군 동천리,3046
전라남도 완도군 장원리,전라남도 완도군 장원리,3045
전라남도 완도군 사동리,전라남도 완도군 사동리,3045
전라남도 완도군 완도읍,전라남도 완도군 완도읍,3044
전라남도 완도군 대야리,전라남도 완도군 대야리,3044
전라남도 장성군 북하면,전라남도 장성군 북하면,3042
전라남도 장성군 신성리,전라남도 장성군 신성리,3042
전라남도 장성군 월성리,전라남도 장성군 월성리,3042
전라남도 장성군 조양리,전라남도 장성군 조양리,3041
전라남도 장성군 죽청리,전라남도 장성군 죽청리,3041
전라남도 장성군 서삼면,전라남도 장성군 서삼면,3039
전라남도 장성군 황룡면,전라남도 장성군 황룡면,3038
전라남도 장성군 관동리,전라남도 장성군 관동리,3038
전라남도 장성군 삼계면,전라남도 장성군 삼계면,3037
전라남도 장성군 생촌리,전라남도 장성군 생촌리,3037
전라남도 장성군 수해리,전라남도 장성군 수해리,3036
전라남도 장성군 진원면,전라남도 장성군 진원면,3033
전라남도 영광군 낙월면,전라남도 영광군 낙월면,3029
전라남도 영광군 각이리,전라남도 영광군 각이리,3029
전라남도 영광군 오도리,전라남도 영광군 오도리,3029
전라남도 영광군 석만리,전라남도 영광군 석만리,3029
전라남도 영광군 송이리,전라남도 영광군 송이리,3029
전라남도 영광군 임병리,전라남도 영광군 임병리,3029
전라남도 영광군 법성면,전라남도 영광군 법성면,3028
전라남도 영광군 월산리,전라남도 영광군 월산리,3028
전라남도 영광군 염산면,전라남도 영광군 염산면,3027
전라남도 영광군 두우리,전라남도 영광군 두우리,3027
전라남도 영광군 군남면,전라남도 영광군 군남면,3026
전라남도 영광군 용암리,전라남도 영광군 용암리,3026
전라남도 영광군 만곡리,전라남도 영광군 만곡리,3025
전라남도 영광군 불갑면,전라남도 영광군 불갑면,3024
전라남도 영광군 묘량면,전라남도 영광군 묘량면,3023
전라남도 영광군 대마면,전라남도 영광군 대마면,3022
전라남도 영광군 단덕리,전라남도 영광군 단덕리,3021
전라남도 영광군 계마리,전라남도 영광군 계마리,3021
전라남도 영광군 하사리,전라남도 영광군 하사리,3020
전라남도 영광군 백암리,전라남도 영광군 백암리,3020
전라남도 영광군 양성리,전라남도 영광군 양성리,3020
전라남도 함평군 해보면,전라남도 함평군 해보면,3016
전라남도 함평군 대각리,전라남도 함평군 대각리,3016
전라남도 함평군 나산면,전라남도 함평군 나산면,3015
전라남도 함평군 대동면,전라남도 함평군 대동면,3014
전라남도 함평군 금산리,전라남도 함평군 금산리,3014
전라남도 함평군 엄다면,전라남도 함평군 엄다면,3013
전라남도 함평군 석정리,전라남도 함평군 석정리,3012
전라남도 함평군 백운리,전라남도 함평군 백운리,3011
전라남도 함평군 손불면,전라남도 함평군 손불면,3010
전라남도 함평군 석성리,전라남도 함평군 석성리,3009
전라남도 무안군 운남면,전라남도 무안군 운남면,3007
전라남도 무안군 해제면,전라남도 무안군 해제면,3006
전라남도 무안군 양월리,전라남도 무안군 양월리,3006
전라남도 무안군 송석리,전라남도 무안군 송석리,3006
전라남도 무안군 망운면,전라남도 무안군 망운면,3005
전라남도 무안군 탄도리,전라남도 무안군 탄도리,3005
전라남도 무안군 가입리,전라남도 무안군 가입리,3004
전라남도 무안군 수양리,전라남도 무안군 수양리,3004
전라남도 무안군 청계면,전라남도 무안군 청계면,3003
전라남도 무안군 청천리,전라남도 무안군 청천리,3003
전라남도 무안군 도대리,전라남도 무안군 도대리,3003
전라남도 무안군 몽탄면,전라남도 무안군 몽탄면,3002
전라남도 무안군 당호리,전라남도 무안군 당호리,3002
전라남도 무안군 삼향읍,전라남도 무안군 삼향읍,3000
전라남도 무안군 감돈리,전라남도 무안군 감돈리,2999
전라남도 무안군 의산리,전라남도 무안군 의산리,2999
전라남도 무안군 망월리,전라남도 무안군 망월리,2999
전라남도 무안군 매곡리,전라남도 무안군 매곡리,2998
전라남도 영암군 미암면,전라남도 영암군 미암면,2996
전라남도 영암군 신덕리,전라남도 영암군 신덕리,2995
전라남도 영암군 학계리,전라남도 영암군 학계리,2995
전라남도 영암군 태백리,전라남도 영암군 태백리,2994
전라남도 영암군 엄길리,전라남도 영암군 엄길리,2994
전라남도 영암군 군서면,전라남도 영암군 군서면,2993
전라남도 영암군 도포면,전라남도 영암군 도포면,2992
전라남도 영암군 옥야리,전라남도 영암군 옥야리,2991
전라남도 영암군 신북면,전라남도 영암군 신북면,2990
전라남도 영암군 양계리,전라남도 영암군 양계리,2990
전라남도 영암군 금정면,전라남도 영암군 금정면,2989
전라남도 영암군 쌍효리,전라남도 영암군 쌍효리,2989
전라남도 영암군 덕진면,전라남도 영암군 덕진면,2988
전라남도 영암군 삼호읍,전라남도 영암군 삼호읍,2986
전라남도 영암군 용당리,전라남도 영암군 용당리,2986
전라남도 영암군 한대리,전라남도 영암군 한대리,2985
전라남도 해남군 화원면,전라남도 해남군 화원면,2983
전라남도 해남군 치하리,전라남도 해남군 치하리,2983
전라남도 해남군 매월리,전라남도 해남군 매월리,2983
전라남도 해남군 고평리,전라남도 해남군 고평리,2982
전라남도 해남군 예락리,전라남도 해남군 예락리,2982
전라남도 해남군 산이면,전라남도 해남군 산이면,2981
전라남도 해남군 금호리,전라남도 해남군 금호리,2981
전라남도 해남군 노송리,전라남도 해남군 노송리,2981
전라남도 해남군 황산면,전라남도 해남군 황산면,2980
전라남도 해남군 마산면,전라남도 해남군 마산면,2979
전라남도 해남군 계곡면,전라남도 해남군 계곡면,2978
전라남도 해남군 옥천면,전라남도 해남군 옥천면,2977
전라남도 해남군 용동리,전라남도 해남군 용동리,2977
전라남도 해남군 흥촌리,전라남도 해남군 흥촌리,2976
전라남도 해남군 영전리,전라남도 해남군 영전리,2975
전라남도 해남군 송지면,전라남도 해남군 송지면,2974
전라남도 해남군 송호리,전라남도 해남군 송호리,2974
전라남도 해남군 금강리,전라남도 해남군 금강리,2974
전라남도 해남군 조산리,전라남도 해남군 조산리,2973
전라남도 해남군 고현리,전라남도 해남군 고현리,2973
전라남도 해남군 만안리,전라남도 해남군 만안리,2973
전라남도 해남군 삼마리,전라남도 해남군 삼마리,2972
전라남도 해남군 평호리,전라남도 해남군 평호리,2972
전라남도 해남군 월호리,전라남도 해남군 월호리,2983
전라남도 해남군 복평리,전라남도 해남군 복평리,2970
전라남도 강진군 마량면,전라남도 강진군 마량면,2968
전라남도 강진군 옴천면,전라남도 강진군 옴천면,2967
전라남도 강진군 삭양리,전라남도 강진군 삭양리,2966
전라남도 강진군 갈동리,전라남도 강진군 갈동리,2965
전라남도 강진군 평기리,전라남도 강진군 평기리,2965
전라남도 강진군 성전면,전라남도 강진군 성전면,2964
전라남도 강진군 월하리,전라남도 강진군 월하리,2964
전라남도 강진군 신전면,전라남도 강진군 신전면,2963
전라남도 강진군 신기리,전라남도 강진군 신기리,2962
전라남도 강진군 만덕리,전라남도 강진군 만덕리,2962
전라남도 강진군 덕년리,전라남도 강진군 덕년리,2962
전라남도 강진군 명주리,전라남도 강진군 명주리,2960
전라남도 강진군 영동리,전라남도 강진군 영동리,2960
전라남도 강진군 군동면,전라남도 강진군 군동면,2959
전라남도 강진군 송전리,전라남도 강진군 송전리,2958
전라남도 장흥군 회진면,전라남도 장흥군 회진면,2956
전라남도 장흥군 부산면,전라남도 장흥군 부산면,2955
전라남도 장흥군 유치면,전라남도 장흥군 유치면,2954
전라남도 장흥군 운월리,전라남도 장흥군 운월리,2954
전라남도 장흥군 용문리,전라남도 장흥군 용문리,2954
전라남도 장흥군 장평면,전라남도 장흥군 장평면,2953
전라남도 장흥군 두봉리,전라남도 장흥군 두봉리,2953
전라남도 장흥군 하산리,전라남도 장흥군 하산리,2952
전라남도 장흥군 안양면,전라남도 장흥군 안양면,2951
전라남도 장흥군 수문리,전라남도 장흥군 수문리,2951
전라남도 장흥군 용산면,전라남도 장흥군 용산면,2950
전라남도 장흥군 상발리,전라남도 장흥군 상발리,2950
전라남도 장흥군 대덕읍,전라남도 장흥군 대덕읍,2949
전라남도 장흥군 관산읍,전라남도 장흥군 관산읍,2948
전라남도 장흥군 향양리,전라남도 장흥군 향양리,2947
전라남도 화순군 동면,전라남도 화순군 동면,2945
전라남도 화순군 경치리,전라남도 화순군 경치리,2945
전라남도 화순군 남면,전라남도 화순군 남면,2944
전라남도 화순군 내리,전라남도 화순군 내리,2938
전라남도 화순군 복교리,전라남도 화순군 복교리,2944
전라남도 화순군 운산리,전라남도 화순군 운산리,2944
전라남도 화순군 안성리,전라남도 화순군 안성리,2943
전라남도 화순군 북면,전라남도 화순군 북면,2942
전라남도 화순군 노치리,전라남도 화순군 노치리,2942
전라남도 화순군 방리,전라남도 화순군 방리,2942
전라남도 화순군 이서면,전라남도 화순군 이서면,2941
전라남도 화순군 도암면,전라남도 화순군 도암면,2940
전라남도 화순군 도곡면,전라남도 화순군 도곡면,2939
전라남도 화순군 광사리,전라남도 화순군 광사리,2938
전라남도 화순군 이양면,전라남도 화순군 이양면,2937
전라남도 화순군 증리,전라남도 화순군 증리,2937
전라남도 화순군 용반리,전라남도 화순군 용반리,2937
전라남도 화순군 신석리,전라남도 화순군 신석리,2936
전라남도 화순군 춘양면,전라남도 화순군 춘양면,2935
전라남도 화순군 오음리,전라남도 화순군 오음리,2933
전라남도 화순군 수만리,전라남도 화순군 수만리,2932
전라남도 보성군 유산리,전라남도 보성군 유산리,2930
전라남도 보성군 회천면,전라남도 보성군 회천면,2929
전라남도 보성군 객산리,전라남도 보성군 객산리,2929
전라남도 보성군 화죽리,전라남도 보성군 화죽리,2929
전라남도 보성군 득량면,전라남도 보성군 득량면,2927
전라남도 보성군 조성면,전라남도 보성군 조성면,2926
전라남도 보성군 문덕면,전라남도 보성군 문덕면,2925
전라남도 보성군 복내면,전라남도 보성군 복내면,2924
전라남도 보성군 율어면,전라남도 보성군 율어면,2923
전라남도 보성군 겸백면,전라남도 보성군 겸백면,2922
전라남도 보성군 미력면,전라남도 보성군 미력면,2921
전라남도 보성군 벌교읍,전라남도 보성군 벌교읍,2919
전라남도 보성군 장도리,전라남도 보성군 장도리,2919
전라남도 보성군 호동리,전라남도 보성군 호동리,2919
전라남도 보성군 징광리,전라남도 보성군 징광리,2919
전라남도 고흥군 동일면,전라남도 고흥군 동일면,2916
전라남도 고흥군 영남면,전라남도 고흥군 영남면,2915
전라남도 고흥군 두원면,전라남도 고흥군 두원면,2914
전라남도 고흥군 예회리,전라남도 고흥군 예회리,2914
전라남도 고흥군 대서면,전라남도 고흥군 대서면,2913
전라남도 고흥군 노동리,전라남도 고흥군 노동리,2912
전라남도 고흥군 남양면,전라남도 고흥군 남양면,2911
전라남도 고흥군 월정리,전라남도 고흥군 월정리,2911
전라남도 고흥군 과역면,전라남도 고흥군 과역면,2910
전라남도 고흥군 백일리,전라남도 고흥군 백일리,2910
전라남도 고흥군 성기리,전라남도 고흥군 성기리,2909
전라남도 고흥군 예내리,전라남도 고흥군 예내리,2908
전라남도 고흥군 포두면,전라남도 고흥군 포두면,2907
전라남도 고흥군 오취리,전라남도 고흥군 오취리,2907
전라남도 고흥군 차동리,전라남도 고흥군 차동리,2907
전라남도 고흥군 도화면,전라남도 고흥군 도화면,2906
전라남도 고흥군 지죽리,전라남도 고흥군 지죽리,2906
전라남도 고흥군 금산면,전라남도 고흥군 금산면,2905
전라남도 고흥군 오천리,전라남도 고흥군 오천리,2905
전라남도 고흥군 도덕면,전라남도 고흥군 도덕면,2904
전라남도 고흥군 용동리,전라남도 고흥군 용동리,2904
전라남도 고흥군 풍양면,전라남도 고흥군 풍양면,2903
전라남도 고흥군 풍남리,전라남도 고흥군 풍남리,2903
전라남도 고흥군 도양읍,전라남도 고흥군 도양읍,2900
전라남도 고흥군 시산리,전라남도 고흥군 시산리,2900
전라남도 고흥군 득량리,전라남도 고흥군 득량리,2900
전라남도 구례군 산동면,전라남도 구례군 산동면,2897
전라남도 구례군 위안리,전라남도 구례군 위안리,2897
전라남도 구례군 용방면,전라남도 구례군 용방면,2896
전라남도 구례군 방광리,전라남도 구례군 방광리,2895
전라남도 구례군 마산면,전라남도 구례군 마산면,2894
전라남도 구례군 문수리,전라남도 구례군 문수리,2893
전라남도 구례군 송정리,전라남도 구례군 송정리,2893
전라남도 구례군 효곡리,전라남도 구례군 효곡리,2892
전라남도 구례군 중산리,전라남도 구례군 중산리,2891
전라남도 구례군 계산리,전라남도 구례군 계산리,2890
전라남도 곡성군 오산면,전라남도 곡성군 오산면,2888
전라남도 곡성군 겸면,전라남도 곡성군 겸면,2887
전라남도 곡성군 입면,전라남도 곡성군 입면,2886
전라남도 곡성군 주산리,전라남도 곡성군 주산리,2885
전라남도 곡성군 고달면,전라남도 곡성군 고달면,2884
전라남도 곡성군 죽곡면,전라남도 곡성군 죽곡면,2883
전라남도 곡성군 원달리,전라남도 곡성군 원달리,2883
전라남도 곡성군 신풍리,전라남도 곡성군 신풍리,2883
전라남도 곡성군 신전리,전라남도 곡성군 신전리,2882
전라남도 곡성군 석곡면,전라남도 곡성군 석곡면,2881
전라남도 곡성군 청계리,전라남도 곡성군 청계리,2880
전라남도 곡성군 미산리,전라남도 곡성군 미산리,2879
전라남도 곡성군 신기리,전라남도 곡성군 신기리,2878
전라남도 담양군 행성리,전라남도 담양군 행성리,2876
전라남도 담양군 월산면,전라남도 담양군 월산면,2874
전라남도 담양군 용암리,전라남도 담양군 용암리,2874
전라남도 담양군 용치리,전라남도 담양군 용치리,2873
전라남도 담양군 도림리,전라남도 담양군 도림리,2873
전라남도 담양군 봉황리,전라남도 담양군 봉황리,2872
전라남도 담양군 영천리,전라남도 담양군 영천리,2871
전라남도 담양군 대덕면,전라남도 담양군 대덕면,2870
전라남도 담양군 입석리,전라남도 담양군 입석리,2870
전라남도 담양군 경상리,전라남도 담양군 경상리,2868
전라남도 광양시 마동,전라남도 광양시 마동,6595
전라남도 광양시 황길동,전라남도 광양시 황길동,6600
전라남도 광양시 금천리,전라남도 광양시 금천리,2858
전라남도 광양시 도사리,전라남도 광양시 도사리,2858
전라남도 광양시 신구리,전라남도 광양시 신구리,2857
전라남도 광양시 수평리,전라남도 광양시 수평리,2855
전라남도 광양시 동곡리,전라남도 광양시 동곡리,2854
전라남도 광양시 봉강면,전라남도 광양시 봉강면,2853
전라남도 광양시 신룡리,전라남도 광양시 신룡리,2853
전라남도 광양시 덕례리,전라남도 광양시 덕례리,2852
전라남도 나주시 진포동,전라남도 나주시 진포동,6626
전라남도 나주시 부덕동,전라남도 나주시 부덕동,6613
전라남도 나주시 삼도동,전라남도 나주시 삼도동,6615
전라남도 나주시 봉황면,전라남도 나주시 봉황면,2843
전라남도 나주시 만봉리,전라남도 나주시 만봉리,2843
전라남도 나주시 마산리,전라남도 나주시 마산리,2842
전라남도 나주시 풍산리,전라남도 나주시 풍산리,2842
전라남도 나주시 금안리,전라남도 나주시 금안리,2839
전라남도 나주시 문평면,전라남도 나주시 문평면,2838
전라남도 나주시 동강면,전라남도 나주시 동강면,2836
전라남도 나주시 남평읍,전라남도 나주시 남평읍,2831
전라남도 순천시 대대동,전라남도 순천시 대대동,6688
전라남도 순천시 동외동,전라남도 순천시 동외동,6692
전라남도 순천시 삼거동,전라남도 순천시 삼거동,6693
전라남도 순천시 오곡리,전라남도 순천시 오곡리,2816
전라남도 순천시 쌍지리,전라남도 순천시 쌍지리,2816
전라남도 순천시 대룡리,전라남도 순천시 대룡리,2815
전라남도 순천시 동송리,전라남도 순천시 동송리,2815
전라남도 순천시 낙안면,전라남도 순천시 낙안면,2814
전라남도 순천시 석흥리,전라남도 순천시 석흥리,2814
전라남도 순천시 외서면,전라남도 순천시 외서면,2813
전라남도 순천시 송광면,전라남도 순천시 송광면,2812
전라남도 순천시 후곡리,전라남도 순천시 후곡리,2812
전라남도 순천시 신흥리,전라남도 순천시 신흥리,2812
전라남도 순천시 주암면,전라남도 순천시 주암면,2811
전라남도 순천시 월림리,전라남도 순천시 월림리,2810
전라남도 순천시 덕림리,전라남도 순천시 덕림리,2809
전라남도 순천시 봉덕리,전라남도 순천시 봉덕리,2805
전라남도 순천시 죽청리,전라남도 순천시 죽청리,2809
전라남도 순천시 지본리,전라남도 순천시 지본리,2808
전라남도 순천시 대구리,전라남도 순천시 대구리,2808
전라남도 순천시 상내리,전라남도 순천시 상내리,2806
전라남도 순천시 호두리,전라남도 순천시 호두리,2806
전라남도 순천시 평중리,전라남도 순천시 평중리,2805
전라남도 여수시 호명동,전라남도 여수시 호명동,6747
전라남도 여수시 낙포동,전라남도 여수시 낙포동,6717
전라남도 여수시 월하동,전라남도 여수시 월하동,6739
전라남도 여수시 웅천동,전라남도 여수시 웅천동,6737
전라남도 여수시 경호동,전라남도 여수시 경호동,6710
전라남도 여수시 덕충동,전라남도 여수시 덕충동,6719
전라남도 여수시 묘도동,전라남도 여수시 묘도동,2803
전라남도 여수시 삼산면,전라남도 여수시 삼산면,2783
전라남도 여수시 손죽리,전라남도 여수시 손죽리,2783
전라남도 여수시 초도리,전라남도 여수시 초도리,2783
전라남도 여수시 동도리,전라남도 여수시 동도리,2783
전라남도 여수시 거문리,전라남도 여수시 거문리,2783
전라남도 여수시 화정면,전라남도 여수시 화정면,2781
전라남도 여수시 적금리,전라남도 여수시 적금리,2781
전라남도 여수시 개도리,전라남도 여수시 개도리,2781
전라남도 여수시 남면,전라남도 여수시 남면,2780
전라남도 여수시 횡간리,전라남도 여수시 횡간리,2780
전라남도 여수시 연도리,전라남도 여수시 연도리,2780
전라남도 여수시 화양면,전라남도 여수시 화양면,2779
전라남도 여수시 이목리,전라남도 여수시 이목리,2779
전라남도 여수시 이천리,전라남도 여수시 이천리,2779
전라남도 여수시 여동리,전라남도 여수시 여동리,2778
전라남도 여수시 봉두리,전라남도 여수시 봉두리,2777
전라남도 여수시 돌산읍,전라남도 여수시 돌산읍,2774
전라남도 여수시 평사리,전라남도 여수시 평사리,2774
제주특별자치도 서귀포시 영남동,제주특별자치도 서귀포시 영남동,6975
제주특별자치도 서귀포시 하예동,제주특별자치도 서귀포시 하예동,6978
제주특별자치도 서귀포시 색달동,제주특별자치도 서귀포시 색달동,6971
제주특별자치도 서귀포시 강정동,제주특별자치도 서귀포시 강정동,6964
제주특별자치도 서귀포시 토평동,제주특별자치도 서귀포시 토평동,6977
제주특별자치도 서귀포시 보목동,제주특별자치도 서귀포시 보목동,6968
제주특별자치도 서귀포시 중문동,제주특별자치도 서귀포시 중문동,3855
제주특별자치도 서귀포시 표선면,제주특별자치도 서귀포시 표선면,3844
제주특별자치도 서귀포시 토산리,제주특별자치도 서귀포시 토산리,3844
제주특별자치도 서귀포시 가시리,제주특별자치도 서귀포시 가시리,3844
제주특별자치도 서귀포시 성읍리,제주특별자치도 서귀포시 성읍리,3844
제주특별자치도 서귀포시 안덕면,제주특별자치도 서귀포시 안덕면,3843
제주특별자치도 서귀포시 광평리,제주특별자치도 서귀포시 광평리,3843
제주특별자치도 서귀포시 서광리,제주특별자치도 서귀포시 서광리,3843
제주특별자치도 서귀포시 사계리,제주특별자치도 서귀포시 사계리,3843
제주특별자치도 서귀포시 성산읍,제주특별자치도 서귀포시 성산읍,3842
제주특별자치도 서귀포시 난산리,제주특별자치도 서귀포시 난산리,3842
제주특별자치도 서귀포시 남원읍,제주특별자치도 서귀포시 남원읍,3841
제주특별자치도 서귀포시 신례리,제주특별자치도 서귀포시 신례리,3841
제주특별자치도 서귀포시 대정읍,제주특별자치도 서귀포시 대정읍,3840
제주특별자치도 서귀포시 신도리,제주특별자치도 서귀포시 신도리,3840
제주특별자치도 서귀포시 가파리,제주특별자치도 서귀포시 가파리,3840
제주특별자치도 제주시 내도동,제주특별자치도 제주시 내도동,6983
제주특별자치도 제주시 해안동,제주특별자치도 제주시 해안동,7015
제주특별자치도 제주시 영평동,제주특별자치도 제주시 영평동,6997
제주특별자치도 제주시 회천동,제주특별자치도 제주시 회천동,7018
제주특별자치도 제주시 도남동,제주특별자치도 제주시 도남동,6984
제주특별자치도 제주시 삼양삼동,제주특별자치도 제주시 삼양삼동,6992
제주특별자치도 제주시 우도면,제주특별자치도 제주시 우도면,3819
제주특별자치도 제주시 추자면,제주특별자치도 제주시 추자면,3818
제주특별자치도 제주시 신양리,제주특별자치도 제주시 신양리,3818
제주특별자치도 제주시 대서리,제주특별자치도 제주시 대서리,3818
제주특별자치도 제주시 한경면,제주특별자치도 제주시 한경면,3817
제주특별자치도 제주시 청수리,제주특별자치도 제주시 청수리,3817
제주특별자치도 제주시 조천읍,제주특별자치도 제주시 조천읍,3816
제주특별자치도 제주시 선흘리,제주특별자치도 제주시 선흘리,3816
제주특별자치도 제주시 교래리,제주특별자치도 제주시 교래리,3816
제주특별자치도 제주시 구좌읍,제주특별자치도 제주시 구좌읍,3815
제주특별자치도 제주시 김녕리,제주특별자치도 제주시 김녕리,3815
제주특별자치도 제주시 종달리,제주특별자치도 제주시 종달리,3815
제주특별자치도 제주시 행원리,제주특별자치도 제주시 행원리,3815
제주특별자치도 제주시 송당리,제주특별자치도 제주시 송당리,3815
제주특별자치도 제주시 애월읍,제주특별자치도 제주시 애월읍,3814
제주특별자치도 제주시 유수암리,제주특별자치도 제주시 유수암리,3814
제주특별자치도 제주시 봉성리,제주특별자치도 제주시 봉성리,3814
제주특별자치도 제주시 구엄리,제주특별자치도 제주시 구엄리,3814
제주특별자치도 제주시 한림읍,제주특별자치도 제주시 한림읍,3813
제주특별자치도 제주시 월림리,제주특별자치도 제주시 월림리,3813
충청남도 태안군 이원면,충청남도 태안군 이원면,2487
충청남도 태안군 내리,충청남도 태안군 내리,2487
충청남도 태안군 원북면,충청남도 태안군 원북면,2486
충청남도 태안군 방갈리,충청남도 태안군 방갈리,2486
충청남도 태안군 소원면,충청남도 태안군 소원면,2485
충청남도 태안군 파도리,충청남도 태안군 파도리,2485
충청남도 태안군 모항리,충청남도 태안군 모항리,2485
충청남도 태안군 의항리,충청남도 태안군 의항리,2485
충청남도 태안군 근흥면,충청남도 태안군 근흥면,2484
충청남도 태안군 가의도리,충청남도 태안군 가의도리,2484
충청남도 태안군 신진도리,충청남도 태안군 신진도리,2484
충청남도 태안군 남면,충청남도 태안군 남면,2483
충청남도 태안군 신온리,충청남도 태안군 신온리,2483
충청남도 태안군 고남면,충청남도 태안군 고남면,2482
충청남도 태안군 안면읍,충청남도 태안군 안면읍,2481
충청남도 태안군 황도리,충청남도 태안군 황도리,2481
충청남도 태안군 신야리,충청남도 태안군 신야리,2481
충청남도 태안군 태안읍,충청남도 태안군 태안읍,2480
충청남도 태안군 어은리,충청남도 태안군 어은리,2480
충청남도 예산군 오가면,충청남도 예산군 오가면,2478
충청남도 예산군 신암면,충청남도 예산군 신암면,2477
충청남도 예산군 중예리,충청남도 예산군 중예리,2477
충청남도 예산군 고덕면,충청남도 예산군 고덕면,2476
충청남도 예산군 사석리,충청남도 예산군 사석리,2475
충청남도 예산군 대동리,충청남도 예산군 대동리,2474
충청남도 예산군 계정리,충청남도 예산군 계정리,2473
충청남도 예산군 대흥면,충청남도 예산군 대흥면,2472
충청남도 예산군 갈신리,충청남도 예산군 갈신리,2472
충청남도 예산군 광시면,충청남도 예산군 광시면,2471
충청남도 예산군 신흥리,충청남도 예산군 신흥리,2471
충청남도 예산군 신양면,충청남도 예산군 신양면,2470
충청남도 예산군 이티리,충청남도 예산군 이티리,2469
충청남도 예산군 화산리,충청남도 예산군 화산리,2469
충청남도 예산군 용동리,충청남도 예산군 용동리,2468
충청남도 예산군 신리,충청남도 예산군 신리,2468
충청남도 홍성군 구항면,충청남도 홍성군 구항면,2465
충청남도 홍성군 신곡리,충청남도 홍성군 신곡리,2465
충청남도 홍성군 갈산면,충청남도 홍성군 갈산면,2464
충청남도 홍성군 기산리,충청남도 홍성군 기산리,2464
충청남도 홍성군 죽도리,충청남도 홍성군 죽도리,2463
충청남도 홍성군 판교리,충청남도 홍성군 판교리,2463
충청남도 홍성군 상황리,충청남도 홍성군 상황리,2463
충청남도 홍성군 은하면,충청남도 홍성군 은하면,2461
충청남도 홍성군 장곡면,충청남도 홍성군 장곡면,2460
충청남도 홍성군 팔괘리,충청남도 홍성군 팔괘리,2459
충청남도 홍성군 죽림리,충청남도 홍성군 죽림리,2458
충청남도 홍성군 옹암리,충청남도 홍성군 옹암리,2456
충청남도 청양군 방한리,충청남도 청양군 방한리,2453
충청남도 청양군 사점리,충청남도 청양군 사점리,2453
충청남도 청양군 화성면,충청남도 청양군 화성면,2452
충청남도 청양군 남양면,충청남도 청양군 남양면,2451
충청남도 청양군 장평면,충청남도 청양군 장평면,2450
충청남도 청양군 죽림리,충청남도 청양군 죽림리,2450
충청남도 청양군 청남면,충청남도 청양군 청남면,2449
충청남도 청양군 목면,충청남도 청양군 목면,2448
충청남도 청양군 정산면,충청남도 청양군 정산면,2447
충청남도 청양군 남천리,충청남도 청양군 남천리,2447
충청남도 청양군 대치면,충청남도 청양군 대치면,2446
충청남도 청양군 농소리,충청남도 청양군 농소리,2446
충청남도 청양군 형산리,충청남도 청양군 형산리,2446
충청남도 서천군 서면,충청남도 서천군 서면,2442
충청남도 서천군 장포리,충청남도 서천군 장포리,2441
충청남도 서천군 율리,충청남도 서천군 율리,2441
충청남도 서천군 종천면,충청남도 서천군 종천면,2440
충청남도 서천군 판교면,충청남도 서천군 판교면,2439
충청남도 서천군 문산면,충청남도 서천군 문산면,2438
충청남도 서천군 선암리,충청남도 서천군 선암리,2437
충청남도 서천군 송림리,충청남도 서천군 송림리,2430
충청남도 서천군 군간리,충청남도 서천군 군간리,2436
충청남도 서천군 봉명리,충청남도 서천군 봉명리,2433
충청남도 서천군 어리,충청남도 서천군 어리,2432
충청남도 서천군 죽산리,충청남도 서천군 죽산리,2432
충청남도 서천군 장암리,충청남도 서천군 장암리,2430
충청남도 부여군 초촌면,충청남도 부여군 초촌면,2428
충청남도 부여군 봉정리,충청남도 부여군 봉정리,2427
충청남도 부여군 수고리,충청남도 부여군 수고리,2426
충청남도 부여군 가회리,충청남도 부여군 가회리,2426
충청남도 부여군 장암면,충청남도 부여군 장암면,2425
충청남도 부여군 점상리,충청남도 부여군 점상리,2425
충청남도 부여군 탑산리,충청남도 부여군 탑산리,2424
충청남도 부여군 옥산면,충청남도 부여군 옥산면,2420
충청남도 부여군 무정리,충청남도 부여군 무정리,2419
충청남도 부여군 마전리,충청남도 부여군 마전리,2417
충청남도 부여군 외산면,충청남도 부여군 외산면,2416
충청남도 부여군 수신리,충청남도 부여군 수신리,2416
충청남도 부여군 내지리,충청남도 부여군 내지리,2415
충청남도 부여군 신리,충청남도 부여군 신리,2414
충청남도 부여군 능산리,충청남도 부여군 능산리,2413
충청남도 금산군 추부면,충청남도 금산군 추부면,2411
충청남도 금산군 복수면,충청남도 금산군 복수면,2410
충청남도 금산군 지량리,충청남도 금산군 지량리,2410
충청남도 금산군 두지리,충청남도 금산군 두지리,2409
충청남도 금산군 석막리,충청남도 금산군 석막리,2409
충청남도 금산군 남이면,충청남도 금산군 남이면,2408
충청남도 금산군 남일면,충청남도 금산군 남일면,2407
충청남도 금산군 군북면,충청남도 금산군 군북면,2406
충청남도 금산군 상곡리,충청남도 금산군 상곡리,2406
충청남도 금산군 호티리,충청남도 금산군 호티리,2406
충청남도 금산군 예미리,충청남도 금산군 예미리,2405
충청남도 금산군 천내리,충청남도 금산군 천내리,2404
충청남도 금산군 두곡리,충청남도 금산군 두곡리,2403
충청남도 당진시 구룡동,충청남도 당진시 구룡동,7049
충청남도 당진시 행정동,충청남도 당진시 행정동,7059
충청남도 당진시 시곡동,충청남도 당진시 시곡동,7053
충청남도 당진시 가곡리,충청남도 당진시 가곡리,2397
충청남도 당진시 명산리,충청남도 당진시 명산리,2397
충청남도 당진시 신평면,충청남도 당진시 신평면,2396
충청남도 당진시 신당리,충청남도 당진시 신당리,2396
충청남도 당진시 우강면,충청남도 당진시 우강면,2395
충청남도 당진시 내경리,충청남도 당진시 내경리,2395
충청남도 당진시 순성면,충청남도 당진시 순성면,2394
충청남도 당진시 율사리,충청남도 당진시 율사리,2393
충청남도 당진시 봉성리,충청남도 당진시 봉성리,2392
충청남도 당진시 대호지면,충청남도 당진시 대호지면,2391
충청남도 당진시 적서리,충청남도 당진시 적서리,2391
충청남도 당진시 석문면,충청남도 당진시 석문면,2390
충청남도 당진시 난지도리,충청남도 당진시 난지도리,2390
충청남도 당진시 교로리,충청남도 당진시 교로리,2390
충청남도 당진시 고대면,충청남도 당진시 고대면,2389
충청남도 당진시 고대리,충청남도 당진시 고대리,2388
충청남도 계룡시 신도안면,충청남도 계룡시 신도안면,2384
충청남도 계룡시 입암리,충청남도 계룡시 입암리,2382
충청남도 논산시 관촉동,충청남도 논산시 관촉동,7041
충청남도 논산시 채운면,충청남도 논산시 채운면,2378
충청남도 논산시 시묘리,충청남도 논산시 시묘리,2377
충청남도 논산시 양촌리,충청남도 논산시 양촌리,2375
충청남도 논산시 병암리,충청남도 논산시 병암리,2376
충청남도 논산시 반암리,충청남도 논산시 반암리,2375
충청남도 논산시 오산리,충청남도 논산시 오산리,2373
충청남도 논산시 연산리,충청남도 논산시 연산리,2373
충청남도 논산시 상월면,충청남도 논산시 상월면,2371
충청남도 논산시 상도리,충청남도 논산시 상도리,2371
충청남도 논산시 화곡리,충청남도 논산시 화곡리,2370
충청남도 논산시 효죽리,충청남도 논산시 효죽리,2370
충청남도 논산시 광석면,충청남도 논산시 광석면,2369
충청남도 서산시 덕지천동,충청남도 서산시 덕지천동,7071
충청남도 서산시 죽성동,충청남도 서산시 죽성동,7081
충청남도 서산시 잠홍동,충청남도 서산시 잠홍동,7079
충청남도 서산시 고북면,충청남도 서산시 고북면,2359
충청남도 서산시 관유리,충청남도 서산시 관유리,2358
충청남도 서산시 산수리,충청남도 서산시 산수리,2358
충청남도 서산시 성연면,충청남도 서산시 성연면,2355
충청남도 서산시 환성리,충청남도 서산시 환성리,2354
충청남도 서산시 대요리,충청남도 서산시 대요리,2354
충청남도 서산시 중왕리,충청남도 서산시 중왕리,2354
충청남도 서산시 진장리,충청남도 서산시 진장리,2353
충청남도 서산시 고파도리,충청남도 서산시 고파도리,2353
충청남도 서산시 양길리,충청남도 서산시 양길리,2353
충청남도 서산시 부석면,충청남도 서산시 부석면,2352
충청남도 서산시 마룡리,충청남도 서산시 마룡리,2352
충청남도 서산시 독곶리,충청남도 서산시 독곶리,2350
충청남도 서산시 화곡리,충청남도 서산시 화곡리,2350
충청남도 아산시 남동,충청남도 아산시 남동,7084
충청남도 아산시 점양동,충청남도 아산시 점양동,7097
충청남도 아산시 가내리,충청남도 아산시 가내리,2342
충청남도 아산시 도고면,충청남도 아산시 도고면,2341
충청남도 아산시 냉정리,충청남도 아산시 냉정리,2339
충청남도 아산시 역리,충청남도 아산시 역리,2338
충청남도 아산시 신왕리,충청남도 아산시 신왕리,2337
충청남도 아산시 봉재리,충청남도 아산시 봉재리,2337
충청남도 아산시 덕지리,충청남도 아산시 덕지리,2336
충청남도 아산시 동천리,충청남도 아산시 동천리,2336
충청남도 아산시 동화리,충청남도 아산시 동화리,2334
충청남도 아산시 거산리,충청남도 아산시 거산리,2334
충청남도 아산시 장재리,충청남도 아산시 장재리,2333
충청남도 아산시 세출리,충청남도 아산시 세출리,2333
충청남도 아산시 중방리,충청남도 아산시 중방리,2332
충청남도 보령시 신흑동,충청남도 보령시 신흑동,7066
충청남도 보령시 내항동,충청남도 보령시 내항동,7062
충청남도 보령시 주교면,충청남도 보령시 주교면,2325
충청남도 보령시 고정리,충청남도 보령시 고정리,2325
충청남도 보령시 성주면,충청남도 보령시 성주면,2324
충청남도 보령시 미산면,충청남도 보령시 미산면,2323
충청남도 보령시 도흥리,충청남도 보령시 도흥리,2323
충청남도 보령시 증산리,충청남도 보령시 증산리,2322
충청남도 보령시 월전리,충청남도 보령시 월전리,2321
충청남도 보령시 옥서리,충청남도 보령시 옥서리,2321
충청남도 보령시 청라면,충청남도 보령시 청라면,2320
충청남도 보령시 옥계리,충청남도 보령시 옥계리,2320
충청남도 보령시 장곡리,충청남도 보령시 장곡리,2319
충청남도 보령시 천북면,충청남도 보령시 천북면,2318
충청남도 보령시 외연도리,충청남도 보령시 외연도리,2315
충청남도 보령시 녹도리,충청남도 보령시 녹도리,2315
충청남도 보령시 삽시도리,충청남도 보령시 삽시도리,2315
충청남도 보령시 원산도리,충청남도 보령시 원산도리,2315
충청남도 공주시 송선동,충청남도 공주시 송선동,7032
충청남도 공주시 검상동,충청남도 공주시 검상동,7019
충청남도 공주시 신기동,충청남도 공주시 신기동,7033
충청남도 공주시 신풍면,충청남도 공주시 신풍면,2305
충청남도 공주시 사곡면,충청남도 공주시 사곡면,2304
충청남도 공주시 부곡리,충청남도 공주시 부곡리,2304
충청남도 공주시 반촌리,충청남도 공주시 반촌리,2303
충청남도 공주시 정안면,충청남도 공주시 정안면,2302
충청남도 공주시 문천리,충청남도 공주시 문천리,2302
충청남도 공주시 전평리,충청남도 공주시 전평리,2302
충청남도 공주시 학봉리,충청남도 공주시 학봉리,2300
충청남도 공주시 구왕리,충청남도 공주시 구왕리,2299
충청남도 공주시 탄천면,충청남도 공주시 탄천면,2298
충청남도 공주시 구암리,충청남도 공주시 구암리,2297
충청남도 공주시 입석리,충청남도 공주시 입석리,2296
충청남도 공주시 노동리,충청남도 공주시 노동리,2296
충청남도 천안시 서북구,충청남도 천안시 서북구,7119
충청남도 천안시 두정동,충청남도 천안시 두정동,7119
충청남도 천안시 입장면,충청남도 천안시 입장면,2285
충청남도 천안시 입장면,충청남도 천안시 입장면,2285
충청남도 천안시 구룡동,충청남도 천안시 구룡동,7101
충청남도 천안시 동면,충청남도 천안시 동면,2271
충청남도 천안시 동면,충청남도 천안시 동면,2271
충청남도 천안시 병천면,충청남도 천안시 병천면,2270
충청남도 천안시 병천면,충청남도 천안시 병천면,2270
충청남도 천안시 수신면,충청남도 천안시 수신면,2269
충청남도 천안시 북면,충청남도 천안시 북면,2267
충청남도 천안시 광덕면,충청남도 천안시 광덕면,2266
충청남도 천안시 목천읍,충청남도 천안시 목천읍,2264
충청북도 단양군 단성면,충청북도 단양군 단성면,2260
충청북도 단양군 가산리,충청북도 단양군 가산리,2260
충청북도 단양군 양당리,충청북도 단양군 양당리,2260
충청북도 단양군 상원곡리,충청북도 단양군 상원곡리,2259
충청북도 단양군 각기리,충청북도 단양군 각기리,2259
충청북도 단양군 어상천면,충청북도 단양군 어상천면,2258
충청북도 단양군 심곡리,충청북도 단양군 심곡리,2253
충청북도 단양군 영춘면,충청북도 단양군 영춘면,2257
충청북도 단양군 동대리,충청북도 단양군 동대리,2257
충청북도 단양군 보발리,충청북도 단양군 보발리,2256
충청북도 단양군 덕천리,충청북도 단양군 덕천리,2256
충청북도 단양군 방곡리,충청북도 단양군 방곡리,2255
충청북도 단양군 사동리,충청북도 단양군 사동리,2255
충청북도 단양군 금곡리,충청북도 단양군 금곡리,2253
충청북도 음성군 사곡리,충청북도 음성군 사곡리,2251
충청북도 음성군 생극면,충청북도 음성군 생극면,2250
충청북도 음성군 오생리,충청북도 음성군 오생리,2250
충청북도 음성군 삼성면,충청북도 음성군 삼성면,2249
충청북도 음성군 대소면,충청북도 음성군 대소면,2248
충청북도 음성군 맹동면,충청북도 음성군 맹동면,2247
충청북도 음성군 원남면,충청북도 음성군 원남면,2246
충청북도 음성군 구안리,충청북도 음성군 구안리,2246
충청북도 음성군 소이면,충청북도 음성군 소이면,2245
충청북도 음성군 금왕읍,충청북도 음성군 금왕읍,2244
충청북도 음성군 호산리,충청북도 음성군 호산리,2244
충청북도 음성군 음성읍,충청북도 음성군 음성읍,2243
충청북도 괴산군 불정면,충청북도 괴산군 불정면,2241
충청북도 괴산군 신흥리,충청북도 괴산군 신흥리,2241
충청북도 괴산군 외령리,충청북도 괴산군 외령리,2241
충청북도 괴산군 고마리,충청북도 괴산군 고마리,2240
충청북도 괴산군 사리면,충청북도 괴산군 사리면,2239
충청북도 괴산군 청안면,충청북도 괴산군 청안면,2238
충청북도 괴산군 장암리,충청북도 괴산군 장암리,2238
충청북도 괴산군 부흥리,충청북도 괴산군 부흥리,2238
충청북도 괴산군 관평리,충청북도 괴산군 관평리,2237
충청북도 괴산군 송면리,충청북도 괴산군 송면리,2237
충청북도 괴산군 대티리,충청북도 괴산군 대티리,2237
충청북도 괴산군 신월리,충청북도 괴산군 신월리,2237
충청북도 괴산군 문광면,충청북도 괴산군 문광면,2236
충청북도 괴산군 칠성면,충청북도 괴산군 칠성면,2235
충청북도 괴산군 태성리,충청북도 괴산군 태성리,2235
충청북도 괴산군 연풍면,충청북도 괴산군 연풍면,2234
충청북도 괴산군 장연면,충청북도 괴산군 장연면,2233
충청북도 괴산군 광진리,충청북도 괴산군 광진리,2233
충청북도 진천군 이월면,충청북도 진천군 이월면,2228
충청북도 진천군 백곡면,충청북도 진천군 백곡면,2227
충청북도 진천군 갈월리,충청북도 진천군 갈월리,2227
충청북도 진천군 태락리,충청북도 진천군 태락리,2226
충청북도 진천군 장월리,충청북도 진천군 장월리,2226
충청북도 진천군 진암리,충청북도 진천군 진암리,2225
충청북도 진천군 금곡리,충청북도 진천군 금곡리,2229
충청북도 진천군 덕산면,충청북도 진천군 덕산면,2224
충청북도 진천군 가산리,충청북도 진천군 가산리,2223
충청북도 진천군 금암리,충청북도 진천군 금암리,2223
충청북도 증평군 증평읍,충청북도 증평군 증평읍,2220
충청북도 증평군 율리,충청북도 증평군 율리,2220
충청북도 영동군 심천면,충청북도 영동군 심천면,2218
충청북도 영동군 금정리,충청북도 영동군 금정리,2218
충청북도 영동군 양산면,충청북도 영동군 양산면,2217
충청북도 영동군 누교리,충청북도 영동군 누교리,2217
충청북도 영동군 도덕리,충청북도 영동군 도덕리,2216
충청북도 영동군 황산리,충청북도 영동군 황산리,2216
충청북도 영동군 조동리,충청북도 영동군 조동리,2215
충청북도 영동군 양강면,충청북도 영동군 양강면,2214
충청북도 영동군 죽촌리,충청북도 영동군 죽촌리,2214
충청북도 영동군 상촌면,충청북도 영동군 상촌면,2213
충청북도 영동군 궁촌리,충청북도 영동군 궁촌리,2213
충청북도 영동군 물한리,충청북도 영동군 물한리,2213
충청북도 영동군 어촌리,충청북도 영동군 어촌리,2212
충청북도 영동군 장척리,충청북도 영동군 장척리,2212
충청북도 영동군 서송원리,충청북도 영동군 서송원리,2210
충청북도 영동군 회포리,충청북도 영동군 회포리,2210
충청북도 영동군 난곡리,충청북도 영동군 난곡리,2210
충청북도 영동군 한곡리,충청북도 영동군 한곡리,2209
충청북도 영동군 설계리,충청북도 영동군 설계리,2208
충청북도 옥천군 국원리,충청북도 옥천군 국원리,2206
충청북도 옥천군 월전리,충청북도 옥천군 월전리,2205
충청북도 옥천군 이원면,충청북도 옥천군 이원면,2204
충청북도 옥천군 청산면,충청북도 옥천군 청산면,2203
충청북도 옥천군 법화리,충청북도 옥천군 법화리,2203
충청북도 옥천군 능월리,충청북도 옥천군 능월리,2202
충청북도 옥천군 구음리,충청북도 옥천군 구음리,2202
충청북도 옥천군 삼남리,충청북도 옥천군 삼남리,2202
충청북도 옥천군 안내면,충청북도 옥천군 안내면,2201
충청북도 옥천군 답양리,충청북도 옥천군 답양리,2201
충청북도 옥천군 지양리,충청북도 옥천군 지양리,2199
충청북도 보은군 산외면,충청북도 보은군 산외면,2196
충청북도 보은군 가고리,충청북도 보은군 가고리,2196
충청북도 보은군 내북면,충청북도 보은군 내북면,2195
충청북도 보은군 세촌리,충청북도 보은군 세촌리,2195
충청북도 보은군 회인면,충청북도 보은군 회인면,2194
충청북도 보은군 회남면,충청북도 보은군 회남면,2193
충청북도 보은군 수한면,충청북도 보은군 수한면,2192
충청북도 보은군 장선리,충청북도 보은군 장선리,2192
충청북도 보은군 우진리,충청북도 보은군 우진리,2191
충청북도 보은군 탄부면,충청북도 보은군 탄부면,2190
충청북도 보은군 소여리,충청북도 보은군 소여리,2189
충청북도 보은군 장재리,충청북도 보은군 장재리,2188
충청북도 보은군 만수리,충청북도 보은군 만수리,2187
충청북도 보은군 사내리,충청북도 보은군 사내리,2187
충청북도 제천시 자작동,충청북도 제천시 자작동,7145
충청북도 제천시 신동,충청북도 제천시 신동,7140
충청북도 제천시 장락동,충청북도 제천시 장락동,7146
충청북도 제천시 송한리,충청북도 제천시 송한리,2175
충청북도 제천시 백운면,충청북도 제천시 백운면,2174
충청북도 제천시 화당리,충청북도 제천시 화당리,2174
충청북도 제천시 운학리,충청북도 제천시 운학리,2174
충청북도 제천시 한수면,충청북도 제천시 한수면,2173
충청북도 제천시 한천리,충청북도 제천시 한천리,2173
충청북도 제천시 덕곡리,충청북도 제천시 덕곡리,2173
충청북도 제천시 선고리,충청북도 제천시 선고리,2172
충청북도 제천시 능강리,충청북도 제천시 능강리,2171
충청북도 제천시 성리,충청북도 제천시 성리,2171
충청북도 제천시 전곡리,충청북도 제천시 전곡리,2171
충청북도 제천시 청풍면,충청북도 제천시 청풍면,2170
충청북도 제천시 진목리,충청북도 제천시 진목리,2170
충청북도 제천시 장선리,충청북도 제천시 장선리,2170
충청북도 제천시 금성면,충청북도 제천시 금성면,2169
충청북도 제천시 팔송리,충청북도 제천시 팔송리,2168
충청북도 제천시 명암리,충청북도 제천시 명암리,2168
충청북도 충주시 금릉동,충청북도 충주시 금릉동,7228
충청북도 충주시 목벌동,충청북도 충주시 목벌동,7230
충청북도 충주시 용관동,충청북도 충주시 용관동,7236
충청북도 충주시 소태면,충청북도 충주시 소태면,2154
충청북도 충주시 엄정면,충청북도 충주시 엄정면,2153
충청북도 충주시 유봉리,충청북도 충주시 유봉리,2153
충청북도 충주시 석천리,충청북도 충주시 석천리,2152
충청북도 충주시 영덕리,충청북도 충주시 영덕리,2152
충청북도 충주시 동량면,충청북도 충주시 동량면,2151
충청북도 충주시 하천리,충청북도 충주시 하천리,2151
충청북도 충주시 월상리,충청북도 충주시 월상리,2150
충청북도 충주시 앙성면,충청북도 충주시 앙성면,2148
충청북도 충주시 노은면,충청북도 충주시 노은면,2147
충청북도 충주시 법동리,충청북도 충주시 법동리,2147
충청북도 충주시 신니면,충청북도 충주시 신니면,2146
충청북도 충주시 대소원면,충청북도 충주시 대소원면,2145
충청북도 충주시 중산리,충청북도 충주시 중산리,2144
충청북도 충주시 사문리,충청북도 충주시 사문리,2144
충청북도 청주시 청원구,충청북도 청주시 청원구,2134
충청북도 청주시 외하동,충청북도 청주시 외하동,7189
충청북도 청주시 북이면,충청북도 청주시 북이면,2135
충청북도 청주시 오창읍,충청북도 청주시 오창읍,2134
충청북도 청주시 오창읍,충청북도 청주시 오창읍,2134
충청북도 청주시 흥덕구,충청북도 청주시 흥덕구,2127
충청북도 청주시 향정동,충청북도 청주시 향정동,7222
충청북도 청주시 석곡동,충청북도 청주시 석곡동,7206
충청북도 청주시 옥산면,충청북도 청주시 옥산면,2123
충청북도 청주시 강내면,충청북도 청주시 강내면,2122
충청북도 청주시 장암동,충청북도 청주시 장암동,7182
충청북도 청주시 월오동,충청북도 청주시 월오동,7172
충청북도 청주시 문의면,충청북도 청주시 문의면,2099
충청북도 청주시 문의면,충청북도 청주시 문의면,2099
충청북도 청주시 남일면,충청북도 청주시 남일면,2098
충청북도 청주시 가덕면,충청북도 청주시 가덕면,2097
충청북도 청주시 미원면,충청북도 청주시 미원면,2096
충청북도 청주시 미원면,충청북도 청주시 미원면,2096
인천광역시 옹진군 연평면,인천광역시 옹진군 연평면,992
인천광역시 옹진군 자월면,인천광역시 옹진군 자월면,991
인천광역시 옹진군 승봉리,인천광역시 옹진군 승봉리,991
인천광역시 옹진군 이작리,인천광역시 옹진군 이작리,991
인천광역시 옹진군 영흥면,인천광역시 옹진군 영흥면,990
인천광역시 옹진군 덕적면,인천광역시 옹진군 덕적면,989
인천광역시 옹진군 굴업리,인천광역시 옹진군 굴업리,989
인천광역시 옹진군 문갑리,인천광역시 옹진군 문갑리,989
인천광역시 옹진군 백아리,인천광역시 옹진군 백아리,989
인천광역시 옹진군 울도리,인천광역시 옹진군 울도리,989
인천광역시 옹진군 대청면,인천광역시 옹진군 대청면,987
인천광역시 옹진군 소청리,인천광역시 옹진군 소청리,987
인천광역시 옹진군 백령면,인천광역시 옹진군 백령면,986
인천광역시 옹진군 남포리,인천광역시 옹진군 남포리,986
인천광역시 옹진군 북도면,인천광역시 옹진군 북도면,984
인천광역시 옹진군 장봉리,인천광역시 옹진군 장봉리,984
인천광역시 강화군 서도면,인천광역시 강화군 서도면,981
인천광역시 강화군 볼음도리,인천광역시 강화군 볼음도리,981
인천광역시 강화군 삼산면,인천광역시 강화군 삼산면,980
인천광역시 강화군 미법리,인천광역시 강화군 미법리,980
인천광역시 강화군 매음리,인천광역시 강화군 매음리,980
인천광역시 강화군 교동면,인천광역시 강화군 교동면,979
인천광역시 강화군 서한리,인천광역시 강화군 서한리,979
인천광역시 강화군 송해면,인천광역시 강화군 송해면,978
인천광역시 강화군 양사면,인천광역시 강화군 양사면,977
인천광역시 강화군 망월리,인천광역시 강화군 망월리,976
인천광역시 강화군 양도면,인천광역시 강화군 양도면,974
인천광역시 강화군 장화리,인천광역시 강화군 장화리,973
인천광역시 강화군 동막리,인천광역시 강화군 동막리,973
인천광역시 강화군 길상면,인천광역시 강화군 길상면,972
인천광역시 강화군 동검리,인천광역시 강화군 동검리,972
인천광역시 강화군 불은면,인천광역시 강화군 불은면,971
인천광역시 서구 청라동,인천광역시 서구 청라동,6541
인천광역시 서구 왕길동,인천광역시 서구 왕길동,6539
인천광역시 서구 가좌4동,인천광역시 서구 가좌4동,961
인천광역시 계양구 다남동,인천광역시 계양구 다남동,6475
인천광역시 부평구 갈산동,인천광역시 부평구 갈산동,6516
인천광역시 남동구 고잔동,인천광역시 남동구 고잔동,6495
인천광역시 남동구 수산동,인천광역시 남동구 수산동,6502
인천광역시 연수구 옥련동,인천광역시 연수구 옥련동,6545
인천광역시 동구 만석동,인천광역시 동구 만석동,843
인천광역시 중구 무의동,인천광역시 중구 무의동,6554
인천광역시 중구 남북동,인천광역시 중구 남북동,6550
인천광역시 중구 운북동,인천광역시 중구 운북동,6573
